uri,cid,text,created_at,author_handle,author_did,keyword,search_query,collection_method,session_name,collected_at,lang,author_display_name,author_description,author_followers_count,author_following_count,author_posts_count,author_verified,author_created_at,author_avatar,author_banner,author_profile_fetched_at,author_account_age_days,author_posts_per_day,author_follower_following_ratio,author_influence_score,word_count,char_count,hashtag_count,mention_count,url_count,hashtags,mentions,urls,has_images,has_external_link,has_media,emotion_score,is_reply,content_analyzed_at,indexed_at,reply_count,repost_count,like_count
at://did:plc:bdbqwryisfybanz4zenfst3z/app.bsky.feed.post/3lz25a66zz22e,bafyreigglulmhthgvuuiuhxrargsxnoibkfnvd2o4ajw4w57tkrghikruu,"Picked up a Pyrenees mix off the street, sleeping question and free the whole story! 

#GreatPyrenees #DogLovers #PyrLife #FluffyFriends #CanineCompanions #DogAdventures",2025-09-17T15:21:59.724Z,great-pyrenees.bsky.social,did:plc:bdbqwryisfybanz4zenfst3z,homeless,"""street sleeping""",search_api,demo_search_test,2025-09-18T14:30:25.754834+00:00,en,Great Pyrenees,One of my absolutely favorite!,503,644,267,False,2025-03-16T09:43:13.045Z,https://cdn.bsky.app/img/avatar/plain/did:plc:bdbqwryisfybanz4zenfst3z/bafkreidwoh7zwu6k25b2i3li4inelmvqrkrh7hzrxyl2q6jgts2ubyzei4@jpeg,https://cdn.bsky.app/img/banner/plain/did:plc:bdbqwryisfybanz4zenfst3z/bafkreidwoh7zwu6k25b2i3li4inelmvqrkrh7hzrxyl2q6jgts2ubyzei4@jpeg,2025-09-18T14:30:25.754722+00:00,186,1.435483870967742,0.781055900621118,36.44,0,0,0,0,0,[],[],[],False,False,False,0,False,2025-09-18T14:30:25.754824+00:00,2025-09-17T15:22:03.712Z,0.0,0.0,4.0
at://did:plc:t4mgdky5wssw5ll536cwsn2o/app.bsky.feed.post/3lz2l4q2wy222,bafyreigaz2nast4tjwlwyyv4fxsjkiq47lctkaj2xh3bvz22a23xnbe2b4,The tragedy that Mr.Fateh is referring to happened two days ago. I know that it barely made a blip in the MSM but two homeless encampments were attacked by a an active shooter. This was days after the infamous remark by Fox News host Brian Kilmeade.,2025-09-17T19:30:36.622Z,bunnylove403.bsky.social,did:plc:t4mgdky5wssw5ll536cwsn2o,homeless,"""housing first""",search_api,demo_search_test,2025-09-18T14:30:30.566208+00:00,en,Ms. Ivette üïØ‚òΩ ‚õ§ üîÆüñ§,"‚ú®Live. Love. Lower The Cost Of Living‚ú®
https://linktr.ee/bunnylove403",4898,3451,11985,False,2023-09-22T01:16:52.141Z,https://cdn.bsky.app/img/avatar/plain/did:plc:t4mgdky5wssw5ll536cwsn2o/bafkreicsvjkdzx7b75a55wpz6mzucunblr5zve4jquu5qu7algy5h32ftq@jpeg,https://cdn.bsky.app/img/banner/plain/did:plc:t4mgdky5wssw5ll536cwsn2o/bafkreihpsu67uxzbgsgbj55asc26isbvkbtp6pvqobjzjmhbhlbnqaecam@jpeg,2025-09-18T14:30:30.566034+00:00,727,16.485557083906464,1.4192987539843525,38.94,0,0,0,0,0,[],[],[],False,False,False,0,False,2025-09-18T14:30:30.566188+00:00,2025-09-17T19:30:39.307Z,0.0,2.0,2.0
at://did:plc:guihbjtij2nljdzubtgzikeh/app.bsky.feed.post/3lz2rkrx4sb2w,bafyreievpfm7fbabfeidngtifxfw2eaemdjt6b3dz3hjpb6d6sex742lna,"Over 10,000 children in Scotland are trapped in temporary accommodation, and a record number of people are rough sleeping - in response the Scottish Government's Housing Secretary blames everyone but her own administration.",2025-09-17T21:25:50.664Z,scottishdailyexpress.co.uk,did:plc:guihbjtij2nljdzubtgzikeh,homeless,"""rough sleeping""",search_api,demo_search_test,2025-09-18T14:30:18.808527+00:00,en,,,39,1,7922,False,2024-11-19T13:59:34.205Z,https://cdn.bsky.app/img/avatar/plain/did:plc:guihbjtij2nljdzubtgzikeh/bafkreicgkisf26jj7iwiji27h7ugwb5in763bcg23urxmhorep3imbjo6i@jpeg,,2025-09-18T14:30:18.808379+00:00,303,26.145214521452147,39.0,16.05,0,0,0,0,0,[],[],[],False,False,False,0,False,2025-09-18T14:30:18.808511+00:00,2025-09-17T21:25:50.908Z,0.0,0.0,0.0
at://did:plc:gtxngg4s7tp2kc666oiqnabq/app.bsky.feed.post/3lz326rxmsk2u,bafyreieryifuwrjiik7rkjocdeuk3jrp2g4cvu7uyhhh4tkliqtzwsvez4,"‚ÄúFrey has failed, and it is time for an aggressive, housing-first approach that treats the unhoused as clients and a symptom of bigger problems, rather than as the problem themselves.‚Äù

buff.ly/uwlmn98",2025-09-18T00:00:10.418Z,mplsforthemany.com,did:plc:gtxngg4s7tp2kc666oiqnabq,homeless,"""housing first""",search_api,demo_search_test,2025-09-18T14:30:28.924683+00:00,en,Minneapolis for the Many,"Building a Minneapolis for the many, not the few. Join us at www.mplsforthemany.com",2640,289,755,False,2024-08-05T18:23:52.773Z,https://cdn.bsky.app/img/avatar/plain/did:plc:gtxngg4s7tp2kc666oiqnabq/bafkreidyyhoz6df3nyv335q4kb6tpegvt7yqsz6t6wuae5cnmve5qf5nfi@jpeg,,2025-09-18T14:30:28.924563+00:00,408,1.8504901960784315,9.134948096885813,51.7,0,0,0,0,0,[],[],[],False,False,False,0,False,2025-09-18T14:30:28.924673+00:00,2025-09-18T00:00:12.606Z,0.0,3.0,4.0
at://did:plc:gsxz4ruo2pxqqvcb7ytk62cs/app.bsky.feed.post/3lz32habd6k2z,bafyreihheo26vtefytgho5iash2ovnggi366lfzezq3gdnd33njqpj7jki,"Great.
2 billion should be enough to build an apartment for every homeless!
Finland housing first program uses the state construction company. 
Maybe a CCC program that gives people jobs and skills would keep contractors from charging 750k per apartment for homeless.",2025-09-18T00:04:55.290Z,ccc333-05.bsky.social,did:plc:gsxz4ruo2pxqqvcb7ytk62cs,homeless,"""housing first""",search_api,demo_search_test,2025-09-18T14:30:28.021138+00:00,en,,,87,5,2730,False,2025-08-19T15:22:24.097Z,https://cdn.bsky.app/img/avatar/plain/did:plc:gsxz4ruo2pxqqvcb7ytk62cs/bafkreigaatxkho2i2aq5secseogqsgbsyfwxikj7ezjljo3qlehlvtbrsy@jpeg,,2025-09-18T14:30:28.021031+00:00,29,94.13793103448276,17.4,19.6,0,0,0,0,0,[],[],[],False,False,False,0,False,2025-09-18T14:30:28.021120+00:00,2025-09-18T00:04:56.611Z,0.0,0.0,0.0
at://did:plc:afm2fw4lxhm7vkv3fb7axe6y/app.bsky.feed.post/3lz3ariwaas2k,bafyreifolev5kygtxne2xow5mwunqpwz3akmtjfu3hozojlctjm4enprba,"You good Christians on FOXnews Its in TRUMPs bible""Go and kill all those bad people""DON'T TRYthat Evil countryFinland has reduced a lot of homelessness by having policies called Housing First,which have the principle that everyone is entitled to a place to live.I likeFinland I know I'm going to hell",2025-09-18T01:58:02.357Z,ejcon3.bsky.social,did:plc:afm2fw4lxhm7vkv3fb7axe6y,homeless,"""housing first""",search_api,demo_search_test,2025-09-18T14:30:27.123070+00:00,en,,,1145,2284,2383,False,2025-06-12T21:27:32.041Z,https://cdn.bsky.app/img/avatar/plain/did:plc:afm2fw4lxhm7vkv3fb7axe6y/bafkreihm2tcvgdszoa62y7lhoioyvxhi4rd6i6c5wq3zsozyweneyswlou@jpeg,,2025-09-18T14:30:27.122905+00:00,97,24.567010309278352,0.5013134851138353,32.99,0,0,0,0,0,[],[],[],False,False,False,0,False,2025-09-18T14:30:27.123064+00:00,2025-09-18T01:58:03.606Z,1.0,0.0,1.0
at://did:plc:afm2fw4lxhm7vkv3fb7axe6y/app.bsky.feed.post/3lz3fk3zwsc2q,bafyreib6jhx2ygpzmcy7j72sjreirfzqyhtp7xv2b3amnznwkisjci6spe,"You good Christians Jesus said It in TRUMPs bible""Go and kill all those bad people""DON'T TRYthat Evil countryFinland has reduced a lot of homelessness by having policies called Housing First,which have the principle that everyone is entitled to a place to live.I likeFinland I know I'm going to hell",2025-09-18T03:23:22.677Z,ejcon3.bsky.social,did:plc:afm2fw4lxhm7vkv3fb7axe6y,homeless,"""housing first""",search_api,demo_search_test,2025-09-18T14:30:27.123010+00:00,en,,,1145,2284,2383,False,2025-06-12T21:27:32.041Z,https://cdn.bsky.app/img/avatar/plain/did:plc:afm2fw4lxhm7vkv3fb7axe6y/bafkreihm2tcvgdszoa62y7lhoioyvxhi4rd6i6c5wq3zsozyweneyswlou@jpeg,,2025-09-18T14:30:27.122905+00:00,97,24.567010309278352,0.5013134851138353,32.99,0,0,0,0,0,[],[],[],False,False,False,0,False,2025-09-18T14:30:27.123001+00:00,2025-09-18T03:23:23.410Z,0.0,0.0,0.0
at://did:plc:35hlga5tv77ui7jsm7ytvyz5/app.bsky.feed.post/3lz3ye7mplk2s,bafyreibni55vqao64tza2o2fz7id3ndxleolewknnyqc7b7f5224pq22i4,Exactly this. @foxnews.com.web.brid.gy hosts can call for #politicalviolence against #Democrats and for the #massmurder of the #homeless population but a #comedian can make a joke about #OrangeHitler.,2025-09-18T09:00:06.205Z,ttvkarlbannsonr.bsky.social,did:plc:35hlga5tv77ui7jsm7ytvyz5,homeless,#homeless,search_api,demo_search_test,2025-09-18T14:30:14.829156+00:00,en,,,369,119,1173,False,2025-01-12T20:52:06.344Z,https://cdn.bsky.app/img/avatar/plain/did:plc:35hlga5tv77ui7jsm7ytvyz5/bafkreibsikbiv3fhnkhpikvjcy7gwdjdwfhyb3l2qqqgmsax5ac7htyroa@jpeg,,2025-09-18T14:30:14.829049+00:00,248,4.729838709677419,3.100840336134454,27.25,0,0,0,0,0,[],[],[],False,False,False,0,False,2025-09-18T14:30:14.829147+00:00,2025-09-18T09:00:07.106Z,0.0,0.0,1.0
at://did:plc:7il26dkuyca5idikqpotq2lv/app.bsky.feed.post/3lz3zaimpcs2r,bafyreib3nghczuiwhb3x54et7wgwyzige3e4o6euyv66nxm5g24yacxceq,IRE BRIAN KILMEADE!!! This disgusting person oromotes attacks on homeless ppl.  #kilmeade #Homeless @foxnews.com.web.brid.gy  #CharlieKirk,2025-09-18T09:15:55.168Z,blujack.bsky.social,did:plc:7il26dkuyca5idikqpotq2lv,homeless,#homeless,search_api,demo_search_test,2025-09-18T14:30:14.677819+00:00,en,TheJack,Dad Voter Dog lover crow lover waiting patiently for a world without Trump!,2081,2703,771,False,2024-11-21T00:08:05.272Z,https://cdn.bsky.app/img/avatar/plain/did:plc:7il26dkuyca5idikqpotq2lv/bafkreiahi4juds26455wibc7caw3wwjqnguncrzfcexbounwd5jbgd42ly@jpeg,https://cdn.bsky.app/img/banner/plain/did:plc:7il26dkuyca5idikqpotq2lv/bafkreieggdujud64qp64rr6ialkgaryxyfurps7vptgvfjpmccfw2mf62a@jpeg,2025-09-18T14:30:14.677646+00:00,301,2.5614617940199333,0.7698853126156123,46.68,0,0,0,0,0,[],[],[],False,False,False,0,False,2025-09-18T14:30:14.677814+00:00,2025-09-18T09:15:56.603Z,0.0,0.0,0.0
at://did:plc:7il26dkuyca5idikqpotq2lv/app.bsky.feed.post/3lz3zcqpjoc2r,bafyreihslcridiykwix4bllppasonnt6orb3t25wa3xylft46bavgdfnba,Make your complaints heard about Brian Kilmeade and him encouraging ppl to attack #Homeless ppl. #kilmeade #CharlieKirk @foxnews.com.web.brid.gy,2025-09-18T09:17:10.757Z,blujack.bsky.social,did:plc:7il26dkuyca5idikqpotq2lv,homeless,#homeless,search_api,demo_search_test,2025-09-18T14:30:14.677759+00:00,en,TheJack,Dad Voter Dog lover crow lover waiting patiently for a world without Trump!,2081,2703,771,False,2024-11-21T00:08:05.272Z,https://cdn.bsky.app/img/avatar/plain/did:plc:7il26dkuyca5idikqpotq2lv/bafkreiahi4juds26455wibc7caw3wwjqnguncrzfcexbounwd5jbgd42ly@jpeg,https://cdn.bsky.app/img/banner/plain/did:plc:7il26dkuyca5idikqpotq2lv/bafkreieggdujud64qp64rr6ialkgaryxyfurps7vptgvfjpmccfw2mf62a@jpeg,2025-09-18T14:30:14.677646+00:00,301,2.5614617940199333,0.7698853126156123,46.68,0,0,0,0,0,[],[],[],False,False,False,0,False,2025-09-18T14:30:14.677749+00:00,2025-09-18T09:17:12.005Z,0.0,0.0,0.0
at://did:plc:7crxkzpmdd453ojocu4zjyoy/app.bsky.feed.post/3lz46kp3wps2u,bafyreifqwj52srfdv3h5jdop5rv3nlfw2c7mm5bhqizwjq666a36vagmaq,"When did so many #Americans become soulless? so devoid of morals? so dead inside? 

Mass #Shootings at Two #Homeless Camps After Fox Host Called for Homeless to Be Killed

meidasnews.com/news/mass-sh...",2025-09-18T10:51:06.211Z,patcat13.bsky.social,did:plc:7crxkzpmdd453ojocu4zjyoy,homeless,#homeless,search_api,demo_search_test,2025-09-18T14:30:14.522628+00:00,en,üóΩ‚öñÔ∏è √ûe Wyrst Gƒìnƒìre Evil is a coward. I‚Äôll be murdered,I‚Äôm so sick of these dangerously insane broken paranoid greedy cruel cowardly corrupt criminal murderous asshole monsters. They are not human. There I said it.,1732,790,16963,False,2025-01-09T22:30:02.343Z,https://cdn.bsky.app/img/avatar/plain/did:plc:7crxkzpmdd453ojocu4zjyoy/bafkreib6mfmqzjm7bc5o5twtzzkxc7mf3237dvnv4g2xzrwffedh45pvs4@jpeg,https://cdn.bsky.app/img/banner/plain/did:plc:7crxkzpmdd453ojocu4zjyoy/bafkreicwjlqafj5f547g42hx45jeen5f224psbom3bwewbjp2yozabbtia@jpeg,2025-09-18T14:30:14.522519+00:00,251,67.58167330677291,2.1924050632911394,32.9,0,0,0,0,0,[],[],[],False,False,False,0,False,2025-09-18T14:30:14.522619+00:00,2025-09-18T10:51:06.905Z,0.0,0.0,0.0
at://did:plc:dgmiuoyozdy7yqb5eg45iqxd/app.bsky.feed.post/3lz46ror7wc2c,bafyreicooeozqfhoeweshk4lbfvfa5rpal6duxwj4lpyp4febdmdqeyfg4,"Perhaps Jimmy should have stuck to ""acceptable"" comments like suggesting homeless people be executed.",2025-09-18T10:55:00.739Z,realbiscuitspaw.bsky.social,did:plc:dgmiuoyozdy7yqb5eg45iqxd,homeless,,,session_20250918_065442,2025-09-18T10:56:00.104302+00:00,en,Orange Dick Tater Hater,üíôDefender of democracyüíô End Citizens Unitedüíô üîµ in red Iowa üíôHappily married with grandchildrenüíô KC Chiefs fan 4 life!üíô Lover of fast cars & animals.üíô Sensible gun lawsüíôüö´MAGAts.  AKA DARKVADA on TikTok,79212,9642,7304,False,2024-02-09T20:00:52.878Z,https://cdn.bsky.app/img/avatar/plain/did:plc:dgmiuoyozdy7yqb5eg45iqxd/bafkreigiwbfckrm5nvjgzrltep4ey4uyat3ngl7xdlwvcfkra6qylqen3m@jpeg,https://cdn.bsky.app/img/banner/plain/did:plc:dgmiuoyozdy7yqb5eg45iqxd/bafkreihblspu72wvjx7hm3bhjvyx4dwlb37mdbwevzvf3to3bgr3s3glmi@jpeg,2025-09-18T10:56:00.104210+00:00,586,12.464163822525597,8.215308027380212,98.99,14,101,0,0,0,[],[],[],True,False,True,0,False,2025-09-18T10:56:00.104274+00:00,,,,
at://did:plc:zpfcbovitx7bdexev6dt4qia/app.bsky.feed.post/3lz46ru2vmc2t,bafyreidxbkyovmw7yargx6uxvmlhkruhgeoxtiqq4jquhmxvff6odn2y4u,"What's one less street bum, right? Maybe Jimmy should have called for all MAGA to be soon homeless.  Oh, wait, that is about to happen under Trump's presidency soon enough.",2025-09-18T10:55:06.301Z,withhopeorwithout.bsky.social,did:plc:zpfcbovitx7bdexev6dt4qia,homeless,,,session_20250918_065442,2025-09-18T10:55:22.692785+00:00,en,Hope,Anxiety ridden woman who watches Jaws to relax.,750,926,2387,False,2025-02-10T13:35:55.944Z,https://cdn.bsky.app/img/avatar/plain/did:plc:zpfcbovitx7bdexev6dt4qia/bafkreieouva5xnwgaw47bwxwyeia3emfexscs5mouylwtv5b7fnyiflvsq@jpeg,,2025-09-18T10:55:22.692698+00:00,219,10.899543378995434,0.8099352051835853,30.33,30,172,0,0,0,[],[],[],False,False,False,0,True,2025-09-18T10:55:22.692766+00:00,,,,
at://did:plc:huwvyk7flkfih7esf5clq66b/app.bsky.feed.post/3lz46sbkccc2w,bafyreigl3ovoawatlo67rcpnc5dpjowxvenoncllqwucajwty22ebmg4by,Ohhhhh ok‚Ä¶. Looked like painted black tongue and groove. Thought you were in a shelter of some sort‚Ä¶ could not work that out! Now I see it!,2025-09-18T10:55:20.438Z,helsmels.bsky.social,did:plc:huwvyk7flkfih7esf5clq66b,homeless,,,session_20250918_065442,2025-09-18T10:55:43.120049+00:00,en,Mrs MoonCakes.,"Here for a good time, not a long time. 
Takes photos,  grows plants, makes gardens. Certified bass hound. 
Likes to dance. 
Married. 
AI art sucks.
Liberal/woke, AF.",4118,1635,26305,False,2023-08-13T18:40:48.739Z,https://cdn.bsky.app/img/avatar/plain/did:plc:huwvyk7flkfih7esf5clq66b/bafkreigo436lgyroiml5oxsr2q4gtwphskm3qzcatc32mor2irzyymn3q4@jpeg,https://cdn.bsky.app/img/banner/plain/did:plc:huwvyk7flkfih7esf5clq66b/bafkreiahb6f5aib4h4vukniqkjaqmvy3qh5uyry7dusov2q4bxjyp5itom@jpeg,2025-09-18T10:55:43.119853+00:00,766,34.34073107049608,2.5186544342507644,36.93,27,139,0,0,0,[],[],[],False,False,False,0,True,2025-09-18T10:55:43.120020+00:00,,,,
at://did:plc:w3czloccodfthnooz53os43q/app.bsky.feed.post/3lz46sg4b722t,bafyreiaykz2eh56rg62h2w7unvu35fybhjtixpcx3yyawzkug4aumnqyy4,"1/ What happens when the justified criticism of the loathsome Brian Kilmeade  gets sidetracked by a willingness to call day night and night day? Political malpractice, that's what. A homeless encampment in Minneapolis was shot up as a result of a drug deal.",2025-09-18T10:55:25.221Z,patroklus2000.bsky.social,did:plc:w3czloccodfthnooz53os43q,homeless,,,session_20250918_065442,2025-09-18T10:55:51.189672+00:00,en,,,10,8,141,False,2024-11-15T11:06:01.546Z,https://cdn.bsky.app/img/avatar/plain/did:plc:w3czloccodfthnooz53os43q/bafkreifvamegxcenqhvl4brfnvevg6aqv33lwmj2eydenwx5xt5llo23bm@jpeg,,2025-09-18T10:55:51.189469+00:00,306,0.46078431372549017,1.25,10.77,43,257,0,0,0,[],[],[],False,False,False,0,False,2025-09-18T10:55:51.189628+00:00,,,,
at://did:plc:qfztjgllqflur6ihmaamwa55/app.bsky.feed.post/3lz46sjnbfs2s,bafyreielcez2fmocasgscjdokr775uqw4tpeii7gdkteuywse5elo2oshq,"The FCC and ABC took Jimmy Kimmel off the air for non threatening and non hateful speech. 

The other day a commentator on FOX, while talking about the homeless problem said the homeless should be ‚Äúkilled‚Äù. Did the FCC come out against that? Did FOX fire him? No.",2025-09-18T10:55:28.924Z,tpriddell.bsky.social,did:plc:qfztjgllqflur6ihmaamwa55,homeless,,,session_20250918_065442,2025-09-18T10:55:55.778492+00:00,en,Tom Riddell,"Besides living in this life I love reading, writing, magic and being around fun and interesting people. NO DMs! ~AUTHOR- https://www.thomasriddell.net/",296,229,277,False,2024-11-15T21:13:08.125Z,https://cdn.bsky.app/img/avatar/plain/did:plc:qfztjgllqflur6ihmaamwa55/bafkreigxawacxixvrvoenv3mq2axhffnsdptwfwl4bgri3dko4bhaakgiy@jpeg,https://cdn.bsky.app/img/banner/plain/did:plc:qfztjgllqflur6ihmaamwa55/bafkreigcxnhouu4l3qejfdduvmlvbj7jercvcenbxifrkv5cie5yppaexq@jpeg,2025-09-18T10:55:55.778259+00:00,306,0.9052287581699346,1.2925764192139737,30.07,48,263,0,0,0,[],[],[],False,False,False,0,True,2025-09-18T10:55:55.778449+00:00,,,,
at://did:plc:7il26dkuyca5idikqpotq2lv/app.bsky.feed.post/3lz46suwtps2r,bafyreidbzwvdehoamygpsugnyuvnhofkrkorhuerxss65qfqfsq3kiyxxu,Are you a free person?? Fight back! Contact Fox News  and complain about Brian Kilmeade calling for the death of homeless ppl.,2025-09-18T10:55:40.771Z,blujack.bsky.social,did:plc:7il26dkuyca5idikqpotq2lv,homeless,,,session_20250918_065442,2025-09-18T10:56:13.415465+00:00,en,TheJack,Dad Voter Dog lover crow lover waiting patiently for a world without Trump!,2065,2637,732,False,2024-11-21T00:08:05.272Z,https://cdn.bsky.app/img/avatar/plain/did:plc:7il26dkuyca5idikqpotq2lv/bafkreiahi4juds26455wibc7caw3wwjqnguncrzfcexbounwd5jbgd42ly@jpeg,https://cdn.bsky.app/img/banner/plain/did:plc:7il26dkuyca5idikqpotq2lv/bafkreieggdujud64qp64rr6ialkgaryxyfurps7vptgvfjpmccfw2mf62a@jpeg,2025-09-18T10:56:13.415269+00:00,301,2.431893687707641,0.783086841107319,47.26,22,126,0,0,0,[],[],[],False,False,False,0,True,2025-09-18T10:56:13.415421+00:00,,,,
at://did:plc:mpbj6rifquijb6jlk7ijxwx7/app.bsky.feed.post/3lz46udux4222,bafyreicbn7gjek43d6jcmer7sktuborotkqvhxpiiuez6y3g6i4dway53y,Until some antifa homeless veteran grabs him by the pussy!,2025-09-18T10:56:29.992Z,windycandle.bsky.social,did:plc:mpbj6rifquijb6jlk7ijxwx7,homeless,,,session_20250918_065442,2025-09-18T10:57:17.713606+00:00,en,Mr. Anderson,"Third most sarcastic person on the planet.  <S
Post Apocalyptic COVID Veteran (RN,CCRN,Cardiac,Surgical,Pt Liaison)
Woke is an Antonym for Ignorance
Ignorance can be Cured, But there is no cure for stupid!",1466,1431,1080,False,2024-11-12T22:56:33.605Z,https://cdn.bsky.app/img/avatar/plain/did:plc:mpbj6rifquijb6jlk7ijxwx7/bafkreihpupoey7m6ut7qjgmbv7z3xxu4scqdkox6bzaclcxp5t2v2rs4ri@jpeg,https://cdn.bsky.app/img/banner/plain/did:plc:mpbj6rifquijb6jlk7ijxwx7/bafkreicu6e7nyy7csw6p6wzr2fgytoytpujom32d4iccyp3qn7dc44iinu@jpeg,2025-09-18T10:57:17.713555+00:00,309,3.495145631067961,1.0244584206848357,38.45,10,58,0,0,0,[],[],[],False,False,False,0,False,2025-09-18T10:57:17.713593+00:00,,,,
at://did:plc:4cmkr7ixjochndy5pp7ehsvx/app.bsky.feed.post/3lz46whq6pg26,bafyreif44wxukmwbgider7cf7x4er44rxfbj6nnorskjwyfkdmez4hrqsi,"Hello stacey üåπ
Gaza suffers silently every day, with no sufficient food, medicine, or shelter‚Ä¶ Your donation can be the lifeline that saves lives, details in the pinned post or bio üíî",2025-09-18T10:57:41.032Z,ozbzb.bsky.social,did:plc:4cmkr7ixjochndy5pp7ehsvx,homeless,,,session_20250918_065442,2025-09-18T10:58:50.357529+00:00,en,Mahmoud From G@za üçâüåπ,,0,1,57,False,2025-09-18T09:14:33.197Z,https://cdn.bsky.app/img/avatar/plain/did:plc:4cmkr7ixjochndy5pp7ehsvx/bafkreifxjwkl576bwv2enmut5kd5pcxcwr2qro6js33ouej6cxsrk7r53e@jpeg,,2025-09-18T10:56:50.471931+00:00,0,0.0,0.0,0.0,32,182,0,0,0,[],[],[],False,False,False,0,True,2025-09-18T10:58:50.357491+00:00,,,,
at://did:plc:nj26scdpsl7h3jhtxcp5rmbs/app.bsky.feed.post/3lz46wjo32s2p,bafyreifl6fqiz5nivchbs3q3pigxqr433cnwxvp5olmebl5zbl4j73ohyi,"So Jimmy Kimmel is fired for saying, ‚ÄúThe Maga Gang desperately trying to characterise this kid who murdered Charlie Kirk as anything other than one of them and doing everything they can to score political points from it.""

But Kilmeade says homeless should be mass murdered and he keeps his job.",2025-09-18T10:57:43.166Z,thefoodandwinediva.bsky.social,did:plc:nj26scdpsl7h3jhtxcp5rmbs,homeless,,,session_20250918_065442,2025-09-18T10:58:54.978654+00:00,en,The Food & Wine Diva,"Freelance food/drink/travel journalist who reveres Democracy and equal rights, loves gardening, and toutes les choses fran√ßaises.
No DMs please.",16275,15336,6615,False,2024-11-14T01:28:53.672Z,https://cdn.bsky.app/img/avatar/plain/did:plc:nj26scdpsl7h3jhtxcp5rmbs/bafkreie2fsvxijppgpdvglsduftzz3s6igxmdpjll5bwau42f5lernxwcm@jpeg,https://cdn.bsky.app/img/banner/plain/did:plc:nj26scdpsl7h3jhtxcp5rmbs/bafkreieie5xcfabuw4ctdo6s5wg5mxggcoahcjn4yd4tsw7lw6trzks3xa@jpeg,2025-09-18T10:58:54.978396+00:00,308,21.477272727272727,1.06122848200313,54.42,51,296,0,0,0,[],[],[],False,True,True,1,True,2025-09-18T10:58:54.978609+00:00,,,,
at://did:plc:7il26dkuyca5idikqpotq2lv/app.bsky.feed.post/3lz46wkjzls2r,bafyreiaqowcxmqugqsn56fcvbeai52zuytobs3homwhkqp4vgjeisysspi,Are you a free person?? Fight back! Contact Fox News  and complain about Brian Kilmeade calling for the death of homeless ppl.,2025-09-18T10:57:44.084Z,blujack.bsky.social,did:plc:7il26dkuyca5idikqpotq2lv,homeless,,,session_20250918_065442,2025-09-18T10:58:55.560008+00:00,en,TheJack,Dad Voter Dog lover crow lover waiting patiently for a world without Trump!,2065,2637,732,False,2024-11-21T00:08:05.272Z,https://cdn.bsky.app/img/avatar/plain/did:plc:7il26dkuyca5idikqpotq2lv/bafkreiahi4juds26455wibc7caw3wwjqnguncrzfcexbounwd5jbgd42ly@jpeg,https://cdn.bsky.app/img/banner/plain/did:plc:7il26dkuyca5idikqpotq2lv/bafkreieggdujud64qp64rr6ialkgaryxyfurps7vptgvfjpmccfw2mf62a@jpeg,2025-09-18T10:56:13.415269+00:00,301,2.431893687707641,0.783086841107319,47.26,22,126,0,0,0,[],[],[],False,False,False,0,True,2025-09-18T10:58:55.559979+00:00,,,,
at://did:plc:fiqbtkbdrjkbuf764dwerltl/app.bsky.feed.post/3lz46x4ighc2x,bafyreiebvslxj6dfzykmrz2tqc4ywy4suuwbbey72wbgd3ltnqawf66bui,"@stephencolbert134.bsky.social (Paramount) & now 
@jimmykimmellive.bsky.social (Disney) have been taken off the air because #DictatorDon can‚Äôt handle jokes about him.
But #BrianKilmead can incite the mass shootings of homeless citizens suffers no consequences for it?

abcnews.go.com/US/people-hu...",2025-09-18T10:58:02.903Z,celebrate-life.bsky.social,did:plc:fiqbtkbdrjkbuf764dwerltl,homeless,,,session_20250918_065442,2025-09-18T10:59:20.611362+00:00,en,ü¶ãLil‚Äô Old Ladyü¶ã,"üå≥Living my best life my way. ‚òÄÔ∏è
#BeKind
Retired Registered Respiratory Therapist (35 yrs) bedside care for patients & families in their most scared vulnerable moments.
Do unto others as you would have them do unto you.
If you like my post - REPOST",7259,5461,1050,False,2025-02-02T21:05:09.343Z,https://cdn.bsky.app/img/avatar/plain/did:plc:fiqbtkbdrjkbuf764dwerltl/bafkreiate7xboqeaovamoyq6tdcnno3u5huq3x3psbsvm5dtugpbvzfag4@jpeg,https://cdn.bsky.app/img/banner/plain/did:plc:fiqbtkbdrjkbuf764dwerltl/bafkreie4xd3xpwwn44dv3lpcr5tunle75yguhxbi7jpkcqscrckjalqxr4@jpeg,2025-09-18T10:59:20.611117+00:00,227,4.6255506607929515,1.3292437282548983,73.18,35,299,2,2,0,"['#DictatorDon', '#BrianKilmead']","['@stephencolbert134.bsky.social', '@jimmykimmellive.bsky.social']",[],False,True,True,0,False,2025-09-18T10:59:20.611310+00:00,,,,
at://did:plc:pzwtorafnfzsapwmuv5ptunz/app.bsky.feed.post/3lz46xbwwgs24,bafyreif4n6f3cxofnoewbf3rmrkqhmtfyz2fmxfblexfqxwo5vhowg6j4i,"youtu.be/db6zu8Z-HKI?...

This homeless man says people who he knows are just disappearing.  And the drugs that they're getting, he said it's like somebody's putting something in them to make them bad, much worse.The interviewer says he's noticed the same, ""They're eradicating the homeless.""",2025-09-18T10:58:08.623Z,toshyou.bsky.social,did:plc:pzwtorafnfzsapwmuv5ptunz,homeless,,,session_20250918_065442,2025-09-18T10:59:26.751633+00:00,en,Tasha,"Have owned 5 business,  2 art degrees 
I have a passion for people's rights",1369,138,5236,False,2024-11-16T19:46:08.295Z,https://cdn.bsky.app/img/avatar/plain/did:plc:pzwtorafnfzsapwmuv5ptunz/bafkreic46357mlqa6z3lv2zbnedxwbs3zyknsdqcm4l7dq7x6jtyccvbme@jpeg,,2025-09-18T10:59:26.751431+00:00,305,17.167213114754098,9.920289855072463,32.67,43,292,0,0,0,[],[],[],False,True,True,0,False,2025-09-18T10:59:26.751583+00:00,,,,
at://did:plc:spxkhpnpmt3juyi2xsx3jl66/app.bsky.feed.post/3lz4ci2b7dk2c,bafyreicprvkrro5zwajrma7mp777l55u2ulgsovlayzhknhniarr77p6am,Was the man on photo right homeless?,2025-09-18T12:01:12.222Z,oombolk.bsky.social,did:plc:spxkhpnpmt3juyi2xsx3jl66,homeless,,,comprehensive_30min,2025-09-18T12:01:40.468948+00:00,nl,Oom Bolk,Koersvast klassiek liberaal. No nonsense. Realisme nu!,97,99,5537,False,2024-12-14T18:04:12.443Z,https://cdn.bsky.app/img/avatar/plain/did:plc:spxkhpnpmt3juyi2xsx3jl66/bafkreia5jm24azuyopyay6ardmhakhgheis6qzjsubnbioyc3alqd6m6ay@jpeg,,2025-09-18T12:01:40.468799+00:00,277,19.989169675090253,0.9797979797979798,20.0,7,36,0,0,0,[],[],[],False,False,False,0,True,2025-09-18T12:01:40.468917+00:00,,,,
at://did:plc:bcj6fyy5rznn3uibbbgocnh7/app.bsky.feed.post/3lz4ciety5s2a,bafyreihkcpxg4drhdcixlg4rfy57bfbhlpb54ga4y4xinzfhprqqvqpwwe,"And Jimmy Kimmel has been taken off the air?!

JFC - Brian Kilmeade of Fox News recently called for homeless people to be killed!
 
And we didn‚Äôt hear a word about this from Mar-a-Lago Fats.",2025-09-18T12:01:23.323Z,jm256.bsky.social,did:plc:bcj6fyy5rznn3uibbbgocnh7,homeless,,,comprehensive_30min,2025-09-18T12:02:10.840449+00:00,en,Aching News,"Dog lover. Retired VP of Corporate Communications and Public Relations. TERM LIMITS for everyone - The House, Senate and SCOTUS.",202,170,1882,False,2025-01-11T23:06:50.244Z,https://cdn.bsky.app/img/avatar/plain/did:plc:bcj6fyy5rznn3uibbbgocnh7/bafkreidby2dpltjnxjjwwd3lsjxngvqcnnwlfzpat7aq747pfo3wb2y7se@jpeg,,2025-09-18T12:02:10.840194+00:00,249,7.5582329317269075,1.188235294117647,23.61,35,190,0,0,0,[],[],[],False,False,False,0,False,2025-09-18T12:02:10.840403+00:00,,,,
at://did:plc:3npw7inyfvd73qt7gskbnueb/app.bsky.feed.post/3lz4clrk5w22t,bafyreicyggzwc5tb3mje4ycygjnzmi2gpwmwbg2peodosmohghzcbgsl54,We all need to look at homeless people the same way.  We need to find homes and shelter for them.,2025-09-18T12:03:17.296Z,nstark59.bsky.social,did:plc:3npw7inyfvd73qt7gskbnueb,homeless,,,comprehensive_30min,2025-09-18T12:01:58.049406+00:00,en,Nadine Stark,Proud Democrat! I despise that orange monster. He has destroyed so many good things about America. What he has done to our beloved rose garden and to the Oval Office is a damn disgrace. NEVER TRUMPER! Blue Crew.,12349,22829,3117,False,2024-11-13T12:16:23.887Z,https://cdn.bsky.app/img/avatar/plain/did:plc:3npw7inyfvd73qt7gskbnueb/bafkreif3gtv6kuy2t3wwihly3kxqhfjuj2jm6hqsv4hnd73nd5uflkzefi@jpeg,,2025-09-18T12:01:58.049217+00:00,308,10.12012987012987,0.5409347759428796,60.73,20,97,0,0,0,[],[],[],False,False,False,1,True,2025-09-18T12:01:58.049365+00:00,,,,
at://did:plc:ruuxhv7j34gqgbm4er2jxl2n/app.bsky.feed.post/3lz4cm2jm5s2k,bafyreifck2nluaxgrmtgk5nsz4hyb5re6zawwj6qjaigef6neapiqfwz4i,"We are appalled at the Government‚Äôs sudden U-turn on the refugee move-on period, which will: 

‚û°Ô∏è Increase homelessness and rough sleeping 

‚û°Ô∏è Put extra pressure on local statutory and voluntary sector organisations",2025-09-18T12:03:24.697Z,naccomnetwork.bsky.social,did:plc:ruuxhv7j34gqgbm4er2jxl2n,homeless,"""rough sleeping""",search_api,demo_search_test,2025-09-18T14:30:18.638368+00:00,en,NACCOM,NACCOM is a UK-wide network of frontline organisations collectively working to #EndDestitution and homelessness in the asylum and immigration system.,883,1926,118,False,2024-11-29T13:46:15.047Z,https://cdn.bsky.app/img/avatar/plain/did:plc:ruuxhv7j34gqgbm4er2jxl2n/bafkreigwzoub4pd3rzjcrbckdcam44xqaxasftg3uqgswrctxr6jk3hu3e@jpeg,https://cdn.bsky.app/img/banner/plain/did:plc:ruuxhv7j34gqgbm4er2jxl2n/bafkreiarrhem3dekmhbttok4gj2iqouva2sqlliuf543tuonez2yqqesgu@jpeg,2025-09-18T14:30:18.638241+00:00,293,0.40273037542662116,0.45846313603322947,66.88,0,0,0,0,0,[],[],[],False,False,False,0,False,2025-09-18T14:30:18.638359+00:00,2025-09-18T12:03:29.232Z,1.0,0.0,0.0
at://did:plc:ad66l7kiw7zsapekzlbv6wzv/app.bsky.feed.post/3lz4d2dpdjk24,bafyreichth423ptelh6orqgl7ga27nzjqn25cngx6cvougv7ysvfl5vhnu,"Oh we have the right calling for civil war cause #CharlieKirk was murdered? 

Oh the right is calling for #CancelCulture if you criticize his opinions at all?

Oh they just found 2 black men lynched in Mississippi the day after?

Oh the Right called for the #Homeless to be killed for existing?",2025-09-18T12:11:26.102Z,c-lamb.bsky.social,did:plc:ad66l7kiw7zsapekzlbv6wzv,homeless,#homeless,search_api,demo_search_test,2025-09-18T14:30:14.361860+00:00,en,Christian L.,"Gliscor is a cool Pokemon cause he learns Guillotine 

üá∫üá¶ üáµüá∏ üè≥Ô∏è‚Äçüåà üá∫üá∏",21,15,64,False,2024-11-13T16:34:19.976Z,https://cdn.bsky.app/img/avatar/plain/did:plc:ad66l7kiw7zsapekzlbv6wzv/bafkreierdmyarlqh4ghz3ojy7gvqbzcn3rutcoi4m3bmlqxiennxk4r2la@jpeg,,2025-09-18T14:30:14.361734+00:00,308,0.2077922077922078,1.4,15.06,0,0,0,0,0,[],[],[],False,False,False,0,False,2025-09-18T14:30:14.361849+00:00,2025-09-18T12:11:26.605Z,0.0,0.0,0.0
at://did:plc:auj2ebuaxm22scdazhxc4a4d/app.bsky.feed.post/3lz4dgpa26c2e,bafyreib7dbanofn2tpww477t7hrubjjmgysfknyk7pfufk7xe6h5idrs5m,"It's ok to say homeless people should just be killed, perhaps by lethal injection on TV so long as you praise the Dicktator Donnie.",2025-09-18T12:18:20.838Z,femsocphd.bsky.social,did:plc:auj2ebuaxm22scdazhxc4a4d,homeless,,,append_test_20min,2025-09-18T12:18:40.552073+00:00,en,FeministSociologistPhD,"#StandWithUkraine üá∫üá¶ Author, Qualitative Researcher, Policy/Program Developer, Semiotician, Post-Structuralist. 
Expertise in gender-based violence prevention, adolescent mental health, PAR, EPBs CQI, and acronyms.
#CanadaStrong üö´ DMs.
One Lüíúve.
ü¶ãüá®üá¶üá∫üá∏üá∫üá¶üá¨üáß",40499,31331,27868,False,2024-11-07T17:53:31.982Z,https://cdn.bsky.app/img/avatar/plain/did:plc:auj2ebuaxm22scdazhxc4a4d/bafkreict7r7s4kavja3rwhcz67luxxsb5gnyn7lbey2mmtcuvq2gf723sq@jpeg,https://cdn.bsky.app/img/banner/plain/did:plc:auj2ebuaxm22scdazhxc4a4d/bafkreiflju7ioov2ojajtqk4ek3u6kwvy5tztwxjpw3zb3esqes6rz7xo4@jpeg,2025-09-18T12:18:40.551916+00:00,314,88.7515923566879,1.292617535348377,53.34,24,131,0,0,0,[],[],[],False,False,False,0,False,2025-09-18T12:18:40.552038+00:00,,,,
at://did:plc:jlvcty7mnuoszy3pa6ne7nld/app.bsky.feed.post/3lz4dhfre7c2h,bafyreiekvht3ajaxm56r5dcurplonuzurp3wjmq5lg2trv5fer3fb7ze6y,Let me get this straight. Brian Kilmeade says we should kill homeless people and Jimmy Kimmel gets the axe? Cancel Culture?,2025-09-18T12:18:44.474Z,coachmax.bsky.social,did:plc:jlvcty7mnuoszy3pa6ne7nld,homeless,,,append_test_20min,2025-09-18T12:19:40.932939+00:00,en,Coachmax,,1688,3049,451,False,2024-11-14T01:31:55.677Z,https://cdn.bsky.app/img/avatar/plain/did:plc:jlvcty7mnuoszy3pa6ne7nld/bafkreib3wmjnlk2emr4jifeyy5tv25wvc4htq6upomsojk365sfavaakya@jpeg,https://cdn.bsky.app/img/banner/plain/did:plc:jlvcty7mnuoszy3pa6ne7nld/bafkreidoymj77e532437lnt6o3d3gxadmdk2vx7rzjnsaidj7r5ofq7zju@jpeg,2025-09-18T12:19:40.932835+00:00,308,1.4642857142857142,0.5536241390619875,50.99,21,123,0,0,0,[],[],[],False,False,False,0,True,2025-09-18T12:19:40.932916+00:00,,,,
at://did:plc:fuwjeg76xpwswe27sll422yz/app.bsky.feed.post/3lz4dhglcbs2z,bafyreica3nbpojsoeygprl2gpjak37peni2vbgz3ys3zgkpgvqpefqicpa,"Fucking hypocrite, then go after faux news, kilmead who wants to execute the homeless üôÑ",2025-09-18T12:18:45.324Z,coravill.bsky.social,did:plc:fuwjeg76xpwswe27sll422yz,homeless,,,append_test_20min,2025-09-18T12:19:43.770956+00:00,en,,,387,255,2593,False,2024-11-22T03:13:41.953Z,https://cdn.bsky.app/img/avatar/plain/did:plc:fuwjeg76xpwswe27sll422yz/bafkreig7a4tcr5ntnttx5o75gxgpiuhoahvrrmotdxjrlhjrj2gupxrwdu@jpeg,,2025-09-18T12:19:43.770778+00:00,300,8.643333333333333,1.5176470588235293,26.63,15,87,0,0,0,[],[],[],False,False,False,0,True,2025-09-18T12:19:43.770919+00:00,,,,
at://did:plc:xul7ssgjrn6fr4fgpaxvdfyp/app.bsky.feed.post/3lz4dhjk6g22j,bafyreif665xdkka3clx4z5pfvrebm6234lyo5rdf3yv5jjlpmo7ppvnote,Was this asshat taken off the air? He endorsed MURDERING HOMELESS FOLKS....RIGHT WING...CRICKETS.,2025-09-18T12:18:48.432Z,shopgirl2694.bsky.social,did:plc:xul7ssgjrn6fr4fgpaxvdfyp,homeless,,,append_test_20min,2025-09-18T12:19:49.337985+00:00,en,,"An educated suburban woman...owns dogs, artist, and lifelong democrat. üåä
RESIST...RESIST....
üö´ No MAGA... I just block, so don't bother.
Also...not a dating site. No DMs.",2791,2463,5635,False,2024-10-10T16:50:23.308Z,https://cdn.bsky.app/img/avatar/plain/did:plc:xul7ssgjrn6fr4fgpaxvdfyp/bafkreigedaa3zt3e23n36cukopzl6ztxghuag5i4v5dozhmfrvldd6r3iy@jpeg,https://cdn.bsky.app/img/banner/plain/did:plc:xul7ssgjrn6fr4fgpaxvdfyp/bafkreic7xcwsnyxlumr76ndw3mjaf7l5rnmeuzjmq6erb4tpifdwn2xiwa@jpeg,2025-09-18T12:19:49.337816+00:00,342,16.476608187134502,1.1331709297604546,36.94,13,97,0,0,0,[],[],[],False,False,False,0,False,2025-09-18T12:19:49.337948+00:00,,,,
at://did:plc:x4kcoilkcb6aeivdehsgrmgw/app.bsky.feed.post/3lz4dhjqjk22c,bafyreifa6tgquib7oidoutdilhwrd6l2di633saxor22s6ju7yn7c3ok7e,"First, ICE came for the brown and black immigrants, then  Brian Kilmeade called for the extermination of homeless citizens, now this POS is calling for rounding up transvestites and getting them off the streets. Who will be next? They want to exterminate everyone who isn't a MAGA.",2025-09-18T12:18:48.640Z,christineaa.bsky.social,did:plc:x4kcoilkcb6aeivdehsgrmgw,homeless,,,append_test_20min,2025-09-18T12:19:53.220734+00:00,en,ChristineAa,"I'm so angry about having to live with the chaos of Trump for another four years. So, I'm resisting for the next four years. 
Pro-choice, pro-LBGTQ+, pro-democracy, pro-Constitution, pro-income equality, pro-universal health care. Against MAGAS, Trump....",5503,7920,1578,False,2024-11-12T14:30:03.417Z,https://cdn.bsky.app/img/avatar/plain/did:plc:x4kcoilkcb6aeivdehsgrmgw/bafkreie2cq3k7nkzaeyccejpaqbv36rbpwfu4jiwv6nmflomk5qqeh6kyy@jpeg,,2025-09-18T12:19:53.220512+00:00,309,5.106796116504855,0.6948232323232323,54.84,47,281,0,0,0,[],[],[],False,True,True,0,False,2025-09-18T12:19:53.220695+00:00,,,,
at://did:plc:jlvcty7mnuoszy3pa6ne7nld/app.bsky.feed.post/3lz4dhyhewc2h,bafyreiewhj4uqttrey6gb7npprz3ofvqnzxvnlvs2mrl2qgnz4ffrea57i,Let me get this straight. Brian Kilmeade says we should kill homeless people and Jimmy Kimmel gets the axe?,2025-09-18T12:19:04.070Z,coachmax.bsky.social,did:plc:jlvcty7mnuoszy3pa6ne7nld,homeless,,,append_test_20min,2025-09-18T12:20:29.047916+00:00,en,Coachmax,,1688,3049,451,False,2024-11-14T01:31:55.677Z,https://cdn.bsky.app/img/avatar/plain/did:plc:jlvcty7mnuoszy3pa6ne7nld/bafkreib3wmjnlk2emr4jifeyy5tv25wvc4htq6upomsojk365sfavaakya@jpeg,https://cdn.bsky.app/img/banner/plain/did:plc:jlvcty7mnuoszy3pa6ne7nld/bafkreidoymj77e532437lnt6o3d3gxadmdk2vx7rzjnsaidj7r5ofq7zju@jpeg,2025-09-18T12:19:40.932835+00:00,308,1.4642857142857142,0.5536241390619875,50.99,19,107,0,0,0,[],[],[],False,False,False,0,True,2025-09-18T12:20:29.047892+00:00,,,,
at://did:plc:3c5jgoau5nb42r6ecka4pmpw/app.bsky.feed.post/3lz4f235ysc2x,bafyreict3cenanqdkyqrqnqmcbqddowthhjfvpgbgh56mrxxzzhddt2j44,"Brian Kilmeade‚Äôs chilling call to against the homeless is followed by a mass shooting at a Minneapolis encampment, laying bare the deadly consequences of Fox News rhetoric. Jayar Jackson breaks it down.

#Incitement #Kkkilmeade

youtube.com/watch?v=TWCI...",2025-09-18T12:47:04.630Z,br00t4c.bsky.social,did:plc:3c5jgoau5nb42r6ecka4pmpw,homeless,"""encampment""",search_api,demo_search_test,2025-09-18T14:30:21.013570+00:00,en,br00t4c,,4835,8814,5651,False,2023-11-20T13:33:52.121Z,https://cdn.bsky.app/img/avatar/plain/did:plc:3c5jgoau5nb42r6ecka4pmpw/bafkreihvabbpp3mjmwc5mqdn56kixh3gdn3y7m6xqpvt25fv45sl2bfmmu@jpeg,https://cdn.bsky.app/img/banner/plain/did:plc:3c5jgoau5nb42r6ecka4pmpw/bafkreifx6e5y74mokng3sycsag4q72nmz2s2uca7kdxqgf5xidvknu2nsq@jpeg,2025-09-18T14:30:21.013401+00:00,668,8.459580838323353,0.5485591105060131,41.12,0,0,0,0,0,[],[],[],False,False,False,0,False,2025-09-18T14:30:21.013558+00:00,2025-09-18T12:47:06.506Z,2.0,9.0,13.0
at://did:plc:vpr56ktd73ptb72fks3wbjz5/app.bsky.feed.post/3lz4f6k24g22m,bafyreifgnuzus77buyyz2qtpqk2sw36liujqckzyfic75i6vz7vr263jge,"In case you missed it, a Fox News personality called for euthanizing homeless people. Not long after, there was a mass shooting at a homeless encampment in Minnesota.",2025-09-18T12:49:34.449Z,somapsycheyogi.bsky.social,did:plc:vpr56ktd73ptb72fks3wbjz5,homeless,"""encampment""",search_api,demo_search_test,2025-09-18T14:30:20.854416+00:00,en,üí•ü™∑TruthBeToldü™∑üí•,"Refugee from the post-truth world, seeking a facts-based objective reality. Truth, reasoning and critical thinking matter.",2140,621,1391,False,2024-11-13T07:15:40.584Z,https://cdn.bsky.app/img/avatar/plain/did:plc:vpr56ktd73ptb72fks3wbjz5/bafkreibprairahkhw4v6527le64ubjzt5hz3ron5raoaoc4efcg5yerwqu@jpeg,https://cdn.bsky.app/img/banner/plain/did:plc:vpr56ktd73ptb72fks3wbjz5/bafkreihjdqmhyr2sxbqjitp6ghjwqdviudau5h5g72hmenwlljqd6mdx7m@jpeg,2025-09-18T14:30:20.854288+00:00,309,4.501618122977346,3.4460547504025767,41.0,0,0,0,0,0,[],[],[],False,False,False,0,False,2025-09-18T14:30:20.854403+00:00,2025-09-18T12:49:35.608Z,0.0,0.0,0.0
at://did:plc:y6btdntnerleq4yaoyogjvrq/app.bsky.feed.post/3lz4gqvfemv2a,bafyreidlbync4z3tiow2liq733tk4h5g5uailxml6phpiovz6xa3tv5jce,Rough sleeping in Scotland is at its highest ever but we know how to fix it,2025-09-18T13:17:43.907Z,thescottishsun.co.uk,did:plc:y6btdntnerleq4yaoyogjvrq,homeless,"""rough sleeping""",search_api,demo_search_test,2025-09-18T14:30:18.479022+00:00,en,The Scottish Sun,"The home of The Scottish Sun on BlueSky bringing you the latest news, showbiz and sport",144,6,7439,False,2024-11-19T14:31:16.305Z,https://cdn.bsky.app/img/avatar/plain/did:plc:y6btdntnerleq4yaoyogjvrq/bafkreih5vmbplixvfj3x7hydp6mppzmxultjx5ahrn3faug5hktffr2jqy@jpeg,,2025-09-18T14:30:18.478860+00:00,302,24.632450331125828,24.0,21.71,0,0,0,0,0,[],[],[],False,False,False,0,False,2025-09-18T14:30:18.479008+00:00,2025-09-18T13:17:44.808Z,0.0,0.0,0.0
at://did:plc:qmswnefybouqsrzhsrl3xoij/app.bsky.feed.post/3lz4hdd2ljs2s,bafyreiard6nh5wkaurcbsbaudxfkjeefqhmot7d5e6oj7m6say27uyvbhe,"Detailing on this enemy encampment featured in Tandar is coming together! Check it out, friends! ‚ùÑÔ∏è #gamedev #indiedev #indiegamedev #openworld #ue5",2025-09-18T13:28:00.376Z,kristala.bsky.social,did:plc:qmswnefybouqsrzhsrl3xoij,homeless,"""encampment""",search_api,demo_search_test,2025-09-18T14:30:20.688351+00:00,en,Kristala üòº‚öîÔ∏è Play on Steam,"Cat Souls üòº‚öîÔ∏è combine Sekiro-inspired combat, acrobatic parkour, and innovative exploration to uncover a detailed story.

‚ú® https://store.steampowered.com/app/1206410/Kristala/",1103,90,1524,False,2023-08-21T20:51:34.058Z,https://cdn.bsky.app/img/avatar/plain/did:plc:qmswnefybouqsrzhsrl3xoij/bafkreiday63wjbd3stj2utxmykxurbu2ve5ttzepbzj5ocv3h3gavu3pb4@jpeg,https://cdn.bsky.app/img/banner/plain/did:plc:qmswnefybouqsrzhsrl3xoij/bafkreihlykyrs66mmbgdxppd72xrr7anzj3xwomr4lxzodl6rg4e5zkwlu@jpeg,2025-09-18T14:30:20.688228+00:00,758,2.0105540897097627,12.255555555555556,34.05,0,0,0,0,0,[],[],[],False,False,False,0,False,2025-09-18T14:30:20.688342+00:00,2025-09-18T13:28:06.121Z,0.0,2.0,12.0
at://did:plc:zrpc2vw5r3ksp2nddvyfp64u/app.bsky.feed.post/3lz4hf4u2us2r,bafyreihhw3mg5voucrp5nq56tk4p6e2r4pkdw3lvvkh7zwwtdqlbyqrka4,America is in an abusive relationship with Trump. Time to get to the shelter.,2025-09-18T13:29:02.984Z,georgiasmum.bsky.social,did:plc:zrpc2vw5r3ksp2nddvyfp64u,homeless,,,notebook_test,2025-09-18T13:29:14.385380+00:00,en,Kate,"I used to be important. Now I live in the woods and watch birds. UEL. INFJ. Passed Gr13 Math by 1 mark - then got a PhD! üá®üá¶

BTW - I block nude pictures (I can‚Äôt believe I have to say this)",9686,3404,5758,False,2024-11-10T14:04:18.085Z,https://cdn.bsky.app/img/avatar/plain/did:plc:zrpc2vw5r3ksp2nddvyfp64u/bafkreihxfyeh32wuasjs5e2nk46wpbxezzyc3zzkeokov3qgbks6il6hja@jpeg,https://cdn.bsky.app/img/banner/plain/did:plc:zrpc2vw5r3ksp2nddvyfp64u/bafkreifqbv5oy7azvut6sf2g7vrzqkokemuallewi3nsebiep54gsdgtgy@jpeg,2025-09-18T13:29:14.385292+00:00,311,18.514469453376204,2.845475910693302,48.27,14,77,0,0,0,[],[],[],False,False,False,0,True,2025-09-18T13:29:14.385360+00:00,,,,
at://did:plc:fvhl5eixa2oebqsjawqny7yq/app.bsky.feed.post/3lz4hfazifs2y,bafyreicv437gt5tepznvo7jefzl3z5eevkfils5r3qouqkmpfomvebii34,"Jimmy Kimmel makes a joke about Trump's lack of empathy (no, the joke wasn't about Charlie Kirk), loses his show. Fox pundit days that homeless people should be euthanized, still has his job. The U.S. is done.",2025-09-18T13:29:07.353Z,djgohann.bsky.social,did:plc:fvhl5eixa2oebqsjawqny7yq,homeless,,,notebook_test,2025-09-18T13:29:26.799197+00:00,en,Gohannesburg,"A mix of ancestry, knowledge, experience, with a sarcasm that's a reflection of society.",20,7,210,False,2024-12-05T00:06:02.246Z,https://cdn.bsky.app/img/avatar/plain/did:plc:fvhl5eixa2oebqsjawqny7yq/bafkreidtkx6xi45ssszmpwucpamn3u4qvcmzqwnksotpfllsucyw7ayrjq@jpeg,https://cdn.bsky.app/img/banner/plain/did:plc:fvhl5eixa2oebqsjawqny7yq/bafkreiemuwezfpxocuazgi7qu4b72juldiizn2v3gznucp7yvngxed5jri@jpeg,2025-09-18T13:29:26.799095+00:00,287,0.7317073170731707,2.857142857142857,13.7,37,209,0,0,0,[],[],[],False,False,False,0,False,2025-09-18T13:29:26.799175+00:00,,,,
at://did:plc:dhpbjmu3u75a7o5bqjvezlex/app.bsky.feed.post/3lz4hfryt4s2g,bafyreigrqsm4hyd5jo7vnnmwsxof6aq32pyk23xwmoapqb6aybbsjmtbm4,"Just a reminder -
this guy said that we should genocide homeless people. 

He still has his job",2025-09-18T13:29:25.156Z,trumpwatch.bsky.social,did:plc:dhpbjmu3u75a7o5bqjvezlex,homeless,,,notebook_test,2025-09-18T13:30:26.786855+00:00,en,Trump Watch üëÄ,"Against-fascist | üá∫üá∏Patriot üá∫üá∏US House ‚ÄôSquad | #Resist |Pro-Ukraine üá∫üá¶ | #BLM ü¶ã
Anti-imperialist |Justice for All | #WokeWarrior
Human Rights |Environmental Justice |Reproductive Freedoms
üõë No to Oligarchs, Trump, Dictatorship, MAGA, DMs, Porn, Nazis, Crypto",29907,52676,7729,False,2024-11-09T03:26:33.478Z,https://cdn.bsky.app/img/avatar/plain/did:plc:dhpbjmu3u75a7o5bqjvezlex/bafkreigajf7cewjmj3m7v2aklu7gtfv45f2ked2plxkjughdusof3afmge@jpeg,https://cdn.bsky.app/img/banner/plain/did:plc:dhpbjmu3u75a7o5bqjvezlex/bafkreid4m63xptgbsfmory34thzdcfrcu4uy5t24yzr6vmkkfd7u3aklt4@jpeg,2025-09-18T13:30:26.786729+00:00,313,24.69329073482428,0.5677538157794821,64.11,18,95,0,0,0,[],[],[],True,False,True,0,False,2025-09-18T13:30:26.786827+00:00,,,,
at://did:plc:nejvmzm7veqebvbqocyrxnya/app.bsky.feed.post/3lz4hfyf4ac2z,bafyreib4fkg3dh2l5fmbresiog7qekxu73nwg6qyt6f4gxoeub6btfscau,And a homeless person was found hanging from a tree in Mississippi.,2025-09-18T13:29:31.853Z,kittygirlsmom.bsky.social,did:plc:nejvmzm7veqebvbqocyrxnya,homeless,,,notebook_test,2025-09-18T13:30:40.551850+00:00,en,,"Avid gardener, New Englander, Democrat, cat mom, animal lover and wife of the very best husband in the world.",564,742,3045,False,2024-04-02T04:29:09.999Z,,,2025-09-18T13:30:40.551598+00:00,534,5.702247191011236,0.7601078167115903,28.45,12,67,0,0,0,[],[],[],False,False,False,0,False,2025-09-18T13:30:40.551808+00:00,,,,
at://did:plc:2h4wa3xi6gylrsz5ss4v3po4/app.bsky.feed.post/3lz4htapxoc2o,bafyreiczv2qshgpd4fw76jmeuw4da5us4n4o4j523kdw3jedcclzkqfnae,I guess she missed the Brian Kilmeade guy on Fox actually advocating for murdering the mentally ill an d homeless.,2025-09-18T13:36:56.805Z,greetingsout.bsky.social,did:plc:2h4wa3xi6gylrsz5ss4v3po4,homeless,,,notebook_test,2025-09-18T13:37:37.769142+00:00,en,Greetings From Out of the Blue ‚Ä¶ State,"""An imbalance between rich and poor is the oldest and most fatal ailment of all republics.‚Äù‚Ä®Plutarch‚Ä®Secret agent in the real world with an artistic agenda. ‚Ä®Buddhists stole my clarinet!‚Ä®Formerly Greetings From Out Of the Blue‚Ä¶State on Twitter",1002,1867,4420,False,2024-11-07T15:27:04.283Z,https://cdn.bsky.app/img/avatar/plain/did:plc:2h4wa3xi6gylrsz5ss4v3po4/bafkreignuixf6hnzdwuiihiz4qgt356x4ltok2furir5aqeuak5cvbbd2e@jpeg,https://cdn.bsky.app/img/banner/plain/did:plc:2h4wa3xi6gylrsz5ss4v3po4/bafkreiervcix7i2ihpwszdknijmxyysrmicvwuqkdahyyt5y2oxxut2dfa@jpeg,2025-09-18T13:37:37.768952+00:00,314,14.07643312101911,0.536689876807713,31.15,20,114,0,0,0,[],[],[],False,False,False,0,True,2025-09-18T13:37:37.769100+00:00,,,,
at://did:plc:vzyhuqgujb6qhl5mrpudqda2/app.bsky.feed.post/3lz4htbgxys2o,bafyreibyei6yspf67kwoeavmvp2a66p3ptrphyb7a4xjkzooyy6bzbyisu,When I lived in Austin there were a lot of homeless people near my neighborhood. The things I heard coming from the mouths of people I previously thought were good people was astonishing.,2025-09-18T13:36:57.560Z,apendley.bsky.social,did:plc:vzyhuqgujb6qhl5mrpudqda2,homeless,,,notebook_test,2025-09-18T13:37:38.829674+00:00,en,squid.jpg,"Allegedly an iOS programmer. I hack on microcontrollers, games, and 3D-printing projects as well. 

itch: aaronpendley.itch.io

Adafruit Playground: https://adafruit-playground.com/u/squid_jpg

Printables: printables.com/@squid_jpg

He/him/any",434,522,2712,False,2023-09-05T18:01:40.998Z,https://cdn.bsky.app/img/avatar/plain/did:plc:vzyhuqgujb6qhl5mrpudqda2/bafkreidszjw3xho4qfksaj5hqiusyoln44uwlti43entqhns7qsbmz5mkm@jpeg,https://cdn.bsky.app/img/banner/plain/did:plc:vzyhuqgujb6qhl5mrpudqda2/bafkreiapv5lofzftpra35x64jcwbc644zf37nk2dtehewulhbct4cyev7y@jpeg,2025-09-18T13:37:38.829492+00:00,743,3.6500672947510093,0.8314176245210728,27.19,33,187,0,0,0,[],[],[],False,False,False,0,True,2025-09-18T13:37:38.829634+00:00,,,,
at://did:plc:2h4wa3xi6gylrsz5ss4v3po4/app.bsky.feed.post/3lz4htowljk2o,bafyreieq2eppjes3q5tlaspxh6a23akfosn3rynrtdhqdshqiqvcc3jhhi,I guess she missed the Brian Kilmeade guy on Fox actually advocating for murdering the mentally ill an d homeless.,2025-09-18T13:37:11.702Z,greetingsout.bsky.social,did:plc:2h4wa3xi6gylrsz5ss4v3po4,homeless,,,notebook_test,2025-09-18T13:38:14.826281+00:00,en,Greetings From Out of the Blue ‚Ä¶ State,"""An imbalance between rich and poor is the oldest and most fatal ailment of all republics.‚Äù‚Ä®Plutarch‚Ä®Secret agent in the real world with an artistic agenda. ‚Ä®Buddhists stole my clarinet!‚Ä®Formerly Greetings From Out Of the Blue‚Ä¶State on Twitter",1002,1867,4420,False,2024-11-07T15:27:04.283Z,https://cdn.bsky.app/img/avatar/plain/did:plc:2h4wa3xi6gylrsz5ss4v3po4/bafkreignuixf6hnzdwuiihiz4qgt356x4ltok2furir5aqeuak5cvbbd2e@jpeg,https://cdn.bsky.app/img/banner/plain/did:plc:2h4wa3xi6gylrsz5ss4v3po4/bafkreiervcix7i2ihpwszdknijmxyysrmicvwuqkdahyyt5y2oxxut2dfa@jpeg,2025-09-18T13:37:37.768952+00:00,314,14.07643312101911,0.536689876807713,31.15,20,114,0,0,0,[],[],[],False,False,False,0,False,2025-09-18T13:38:14.826262+00:00,,,,
at://did:plc:frsz4s3drb7shzw3g6x53x53/app.bsky.feed.post/3lz4ifjcxp22z,bafyreifpvi3pfo5mmxe4zxy7img5avwsu27a22rj5dka7snhdqcrw7vdle,And THE HOMELESS!,2025-09-18T13:47:09.796Z,putawomanincharge.bsky.social,did:plc:frsz4s3drb7shzw3g6x53x53,homeless,,,notebook_test,2025-09-18T13:47:54.913995+00:00,en,,"Women who have been lied to, deceived and undervalued are dangerous.
Watch out MAGA.
I am so WOKE I can't sleep.
#Resist 
Libra woman, but sometimes my scales don't balance.‚öñÔ∏è
Keep your guns away from the children. 

 NOüè• STARTER PACKSüö´
NO PORNü§¨
NO DM's",36718,27328,46394,False,2024-11-17T00:55:51.839Z,https://cdn.bsky.app/img/avatar/plain/did:plc:frsz4s3drb7shzw3g6x53x53/bafkreigfvwutzr6xa2uc6oegv4fa5vr3cxxkdj7lai7fsl52w4l2buukue@jpeg,https://cdn.bsky.app/img/banner/plain/did:plc:frsz4s3drb7shzw3g6x53x53/bafkreib2ix4tlxir6nlzdwudoz3fpvyy2dmvmykqwxn4miql6b5cas6csu@jpeg,2025-09-18T13:47:54.913921+00:00,305,152.11147540983606,1.3436036299765808,49.61,3,17,0,0,0,[],[],[],False,False,False,0,True,2025-09-18T13:47:54.913982+00:00,,,,
at://did:plc:a6rot6dgnc7ppxzugvzjenw5/app.bsky.feed.post/3lz4ifldoyc23,bafyreignrnqal3nlgq4iqxqr4kwn45ajrehjob6ykukifos6rame63yece,"Maybe it has to do with FIX NEWS calling for homeless people to be MURDERED!

They and other outlets not condemning FIX are all media versions creating (forgive the oxymoron) an open air public Auschwitz on the homeless! 

I mean üò±ü§Øüò°!  REMEMBER‚Ä¶
WE the people are the power! 

#BOYCOTT_THE_NETWORKS",2025-09-18T13:47:11.917Z,freyaaegisforte.bsky.social,did:plc:a6rot6dgnc7ppxzugvzjenw5,homeless,,,notebook_test,2025-09-18T13:47:58.754031+00:00,en,Freya Aegis Forte,"Fiercely devoted to Democracy, equality among all beings, and a just, benevolent world.",3365,2008,1458,False,2025-03-01T01:02:21.545Z,https://cdn.bsky.app/img/avatar/plain/did:plc:a6rot6dgnc7ppxzugvzjenw5/bafkreia734tlthidegilmnr4v34z7mqj7fvqxhvos6rgfrlfb4jrn2xpye@jpeg,https://cdn.bsky.app/img/banner/plain/did:plc:a6rot6dgnc7ppxzugvzjenw5/bafkreigximxksyjon5f2jiyo6zgtf2dyyefqopfmn2uhhtdxz5ouhtggzy@jpeg,2025-09-18T13:47:58.753691+00:00,201,7.253731343283582,1.675796812749004,46.81,49,298,1,0,0,['#BOYCOTT_THE_NETWORKS'],[],[],False,False,False,0,True,2025-09-18T13:47:58.753957+00:00,,,,
at://did:plc:zhkrs5dkqaxrwvg7xl3g3d4u/app.bsky.feed.post/3lz4ifox6cc27,bafyreierrqay4jmoxyw3izm5ood36ayb6c4bxl4e7idqpjtfbvn6x2tzoi,"What an interesting strategy. They will attempt to make their critics homeless and they've already called for executing homeless people. Connect the dots, folks.

Oh, and come get me you bastards. I'm ready to go to your death camps",2025-09-18T13:47:15.702Z,johnmoffitt.bsky.social,did:plc:zhkrs5dkqaxrwvg7xl3g3d4u,homeless,,,notebook_test,2025-09-18T13:48:05.937593+00:00,en,John Moffitt üåäüåäüß¢,"Astrophysicist, paleontologist, geologist, speaker, playwright, engineer, astronomy, artist, chess player, outspoken liberal, grandfather & graffiti fan. Waffle House. #DemVoice1

I don't DM with ChatBots.
I'm NOT here looking for a date.

Houston TX  üá∫üá¶üá®üá¶",46936,44136,3761,False,2023-05-04T14:08:15.601Z,https://cdn.bsky.app/img/avatar/plain/did:plc:zhkrs5dkqaxrwvg7xl3g3d4u/bafkreiafuyizzxkmluvhhat2iwz6ssmruqzwmtz5ql7c3ggqnaauwjj77i@jpeg,https://cdn.bsky.app/img/banner/plain/did:plc:zhkrs5dkqaxrwvg7xl3g3d4u/bafkreiedwksex6uyafac7imbfddlpvzxami7h7itattiiotohcvzkaatw4@jpeg,2025-09-18T13:48:05.937455+00:00,867,4.337946943483276,1.0634402755120536,96.72,39,232,0,0,0,[],[],[],False,False,False,0,False,2025-09-18T13:48:05.937565+00:00,,,,
at://did:plc:tm4e6wwiuy5ycgp5wuh5zkg5/app.bsky.feed.post/3lz4ig57tlc2e,bafyreibzqpdpzk6a3cma6vk4vythzz4owvbgzugr6n3xzcrlk6hkegxqii,"Iris Family Support Center is proud to collaborate with CHILL in our shared mission to support young people within our community. CHILL works with young adults who have aged out of foster care or face homelessness, empowering them to build essential life and work skills.

More at chillfw.org",2025-09-18T13:47:30.655Z,irisfamilysupport.bsky.social,did:plc:tm4e6wwiuy5ycgp5wuh5zkg5,homeless,,,notebook_test,2025-09-18T13:48:50.161793+00:00,en,Iris Family Support Center,"Iris Family Support Center provides programs and services to families throughout Northern Indiana to provide safe and happy childhoods.

Learn more at www.irisfamily.org",10,14,268,False,2024-11-25T19:09:51.544Z,https://cdn.bsky.app/img/avatar/plain/did:plc:tm4e6wwiuy5ycgp5wuh5zkg5/bafkreifbjoa2z5fyn4gttv3tuonuvp5ppwwqvfzxjeivhtnlpuh34nncia@jpeg,https://cdn.bsky.app/img/banner/plain/did:plc:tm4e6wwiuy5ycgp5wuh5zkg5/bafkreiepoo4geiyyezlsdmefoajnqfd5h7wp6yxfzeljzndcimmtzcol24@jpeg,2025-09-18T13:48:50.161408+00:00,296,0.9054054054054054,0.7142857142857143,10.6,48,292,0,0,0,[],[],[],True,False,True,1,False,2025-09-18T13:48:50.161729+00:00,,,,
at://did:plc:txmnvx2mjrakiuhgbeovoraf/app.bsky.feed.post/3lz4ig7yrbs2d,bafyreicmbzncjik2mbizqjcqauwxqmmoafnfguysukb4kiezk7ibaqv44a,"In the current media climate, Brian Kilmeade needs to be fired. He suggested murdering homeless people ON AIR. He is a proponent of murder. He did not 'celebrate' someone's murder, he did not say Trump is trying to exploit a murder, he LITERALLY called for murder. He has to go.",2025-09-18T13:47:33.576Z,mxburbank.bsky.social,did:plc:txmnvx2mjrakiuhgbeovoraf,homeless,,,notebook_test,2025-09-18T13:48:53.263300+00:00,en,Max Burbank,"Dad, husband, pants aficionado, raconteur, former pussycat dollI; permanently suspended from Twitter before it was cool to not be on Twitter. Life-long-lefty; Comedy archive at maxburbank.wordpress.com I BLOCK CRYPTO DUDES! ",3992,3025,6215,False,2024-11-14T18:42:34.332Z,https://cdn.bsky.app/img/avatar/plain/did:plc:txmnvx2mjrakiuhgbeovoraf/bafkreiechvnclalbhnck7jszwalwp6jrgn5kikc7oqhiig3ldl4fuov6ga@jpeg,https://cdn.bsky.app/img/banner/plain/did:plc:txmnvx2mjrakiuhgbeovoraf/bafkreihtyvqxso5oilvllgjcmugy3vwbr6bfnu5uwwheujtg4nasyhqg4m@jpeg,2025-09-18T13:48:53.263128+00:00,307,20.2442996742671,1.3196694214876032,39.22,50,278,0,0,0,[],[],[],False,False,False,1,False,2025-09-18T13:48:53.263261+00:00,,,,
at://did:plc:qacznvirzwp4r3oyqhbcob73/app.bsky.feed.post/3lz4iv2uoss24,bafyreihtcwdwa3odm4mreczmunpm5isq74icj2kde5xnxwpzjcnlnh7bp4,What if he killed all the homeless on skid row? Would you let him back on the air then?,2025-09-18T13:55:51.519Z,toddgillett.bsky.social,did:plc:qacznvirzwp4r3oyqhbcob73,homeless,,,notebook_test,2025-09-18T13:56:01.264071+00:00,en,Todd Gillett,"Hello blue sky friends. 
#Runner #Atheist #Resistance #ThunderUp
FFRF Member Slava Ukraine!",666,460,59,False,2023-10-06T21:19:12.023Z,https://cdn.bsky.app/img/avatar/plain/did:plc:qacznvirzwp4r3oyqhbcob73/bafkreigkp34kbj3h7m4xgkzb5xk44lprpcwoxxllh7invqvc5es7hacw2u@jpeg,https://cdn.bsky.app/img/banner/plain/did:plc:qacznvirzwp4r3oyqhbcob73/bafkreihhkx4uaf2fi2fkqrevog4spxx3xxztvfafps2zvi5kftqzpstuha@jpeg,2025-09-18T13:56:01.263735+00:00,712,0.08286516853932584,1.4478260869565218,78.24,19,87,0,0,0,[],[],[],False,False,False,0,True,2025-09-18T13:56:01.264037+00:00,,,,
at://did:plc:wain6ywfzborbxgme2f55ha5/app.bsky.feed.post/3lz4iv3ikkk2d,bafyreicvsy24bkeeg4f4uzndv3wmnbltph46lifyngprwi4elymxf5jdcy,Mom and I were homeless after she left my abusive stepfather. Happens to many abused women. We know rump sees women as at his disposal. Kilmeade should be gone.,2025-09-18T13:55:52.170Z,kdelran.bsky.social,did:plc:wain6ywfzborbxgme2f55ha5,homeless,,,notebook_test,2025-09-18T13:56:09.037406+00:00,en,,"#ViveLaResistance ! #TheResistance #TheOpposition #Truthwarriors #Resist 
üíôüá®üáµüá∫üá≤üá∫üá¶üóΩüá®üá¶üè≥Ô∏è‚Äçüåàüá™üá∫
Resistance Playbook https://www.theguardian.com/commentisfree/2024/nov/17/how-to-survive-the-broligarchy-20-lessons-for-the-post-truth-world-donald-trump",13229,28221,4539,False,2024-11-21T22:58:17.341Z,https://cdn.bsky.app/img/avatar/plain/did:plc:wain6ywfzborbxgme2f55ha5/bafkreid2gfrbjamc642jqhw2ntvemrnxbdhce32k4ghdzgdtivhstjbwby@jpeg,https://cdn.bsky.app/img/banner/plain/did:plc:wain6ywfzborbxgme2f55ha5/bafkreifmbcrl264abanui7plss3ddpqspyjdsa3a37vud5tgt4qe5tr4cy@jpeg,2025-09-18T13:56:09.036987+00:00,300,15.13,0.46876439530845826,55.79,29,160,0,0,0,[],[],[],False,False,False,0,True,2025-09-18T13:56:09.037369+00:00,,,,
at://did:plc:he2br47mc43ukxmmei2jtkxc/app.bsky.feed.post/3lz4iv52gb22n,bafyreifqw3h7s7jg67lzixhr4uj3leletzak4z3sz6356cx5ltfwyullge,"Jimmy Kimmel pulled off air for making a joke about Charlie Kirk using Trump‚Äôs own words.

Stephen Colbert‚Äôs show will be terminated after next spring because jokes about Trump.

Fox News host Brian Kilmeade wasn‚Äôt joking about executing the homeless with lethal injection but he‚Äôs still on the air .",2025-09-18T13:55:53.802Z,ncwhiskey.bsky.social,did:plc:he2br47mc43ukxmmei2jtkxc,homeless,,,notebook_test,2025-09-18T13:56:12.680720+00:00,en,‚ò†Ô∏è ùìüùì™ùìæùìµ ‚ò†Ô∏è,"Born 57 years ago, I sprouted up in the Gen X era, - thanks to Evel Knievel! scraping my knees was an art- A lifelong Dallas Cowboys fan - adulting requires caffeine that‚Äôs why coffee is my morning jolt-NSFWüîû-LGBTüè≥Ô∏è‚Äçüåà-MAGA üö´ Liberal ü´è racism ‚ùå  RIP Ozzy ü§òüèªü§òüèª",426,164,1811,False,2023-09-30T01:30:34.917Z,https://cdn.bsky.app/img/avatar/plain/did:plc:he2br47mc43ukxmmei2jtkxc/bafkreifewaceew4a4mwwycirqujzcgr2kgytawkm7etggold7xowvi7erq@jpeg,https://cdn.bsky.app/img/banner/plain/did:plc:he2br47mc43ukxmmei2jtkxc/bafkreih4f4inoiqck6v5kmgyowbpbqf5j55hmmfaejpoypn7rgqhl4pb4e@jpeg,2025-09-18T13:56:12.680617+00:00,719,2.5187760778859527,2.597560975609756,27.48,50,300,0,0,0,[],[],[],False,False,False,0,False,2025-09-18T13:56:12.680701+00:00,,,,
at://did:plc:he2br47mc43ukxmmei2jtkxc/app.bsky.feed.post/3lz4iv52twk2n,bafyreif7zbxga64i76zjsgxu6f66k2z6pb5tef2h4enrqhdnslrcruqnnu,"Jimmy Kimmel pulled off air for making a joke about Charlie Kirk using Trump‚Äôs own words.

Stephen Colbert‚Äôs show will be terminated after next spring because jokes about Trump.

Fox News host Brian Kilmeade wasn‚Äôt joking about executing the homeless with lethal injection but he‚Äôs still on the air .",2025-09-18T13:55:53.802Z,ncwhiskey.bsky.social,did:plc:he2br47mc43ukxmmei2jtkxc,homeless,,,notebook_test,2025-09-18T13:56:12.681150+00:00,en,‚ò†Ô∏è ùìüùì™ùìæùìµ ‚ò†Ô∏è,"Born 57 years ago, I sprouted up in the Gen X era, - thanks to Evel Knievel! scraping my knees was an art- A lifelong Dallas Cowboys fan - adulting requires caffeine that‚Äôs why coffee is my morning jolt-NSFWüîû-LGBTüè≥Ô∏è‚Äçüåà-MAGA üö´ Liberal ü´è racism ‚ùå  RIP Ozzy ü§òüèªü§òüèª",426,164,1811,False,2023-09-30T01:30:34.917Z,https://cdn.bsky.app/img/avatar/plain/did:plc:he2br47mc43ukxmmei2jtkxc/bafkreifewaceew4a4mwwycirqujzcgr2kgytawkm7etggold7xowvi7erq@jpeg,https://cdn.bsky.app/img/banner/plain/did:plc:he2br47mc43ukxmmei2jtkxc/bafkreih4f4inoiqck6v5kmgyowbpbqf5j55hmmfaejpoypn7rgqhl4pb4e@jpeg,2025-09-18T13:56:12.680617+00:00,719,2.5187760778859527,2.597560975609756,27.48,50,300,0,0,0,[],[],[],False,False,False,0,False,2025-09-18T13:56:12.681135+00:00,,,,
at://did:plc:a53qrwdzcm3jin5v3dd5k4xs/app.bsky.feed.post/3lz4ivlyi4c2v,bafyreigmfb23p3m6uit2fsukgro37d3ldbozkhkltjy7lqgbtfbokbb6j4,"USA: Guns have more legal protections than women & girls, vaccines are now the anti-Christ, a man who preached hate & violence is made a martyr, health care is only available if you're rich, schools cannot teach actual history, crops rotting in fields, TV guy says homeless should be killed, etc.",2025-09-18T13:56:09.469Z,eliseflynn.bsky.social,did:plc:a53qrwdzcm3jin5v3dd5k4xs,homeless,,,notebook_test,2025-09-18T13:57:12.860122+00:00,en,Elise Flynn,"Retiree. US/EU/UK/California Girl. Enjoy reading, writing short stories, music, gardening, fighting injustice & inhumanity. No time for complacency. The entire planet and the human race are in serious trouble. Defend Ukraine & democracy.",1319,1332,2392,False,2024-11-14T12:45:57.579Z,https://cdn.bsky.app/img/avatar/plain/did:plc:a53qrwdzcm3jin5v3dd5k4xs/bafkreihatu3q2pl74t43jovrjdazskmdavulfvihtrtqrxyd5bi62d2rfy@jpeg,https://cdn.bsky.app/img/banner/plain/did:plc:a53qrwdzcm3jin5v3dd5k4xs/bafkreidb3sdvfszputhf2zg37c6jq5bfbmjqijxdfclbnzalm4i35ix7ky@jpeg,2025-09-18T13:57:12.859687+00:00,308,7.766233766233766,0.9902402402402403,33.96,51,296,0,0,0,[],[],[],False,False,False,0,True,2025-09-18T13:57:12.860055+00:00,,,,
at://did:plc:p2meb633afvejb6afymrjyzg/app.bsky.feed.post/3lz4ivueszk2r,bafyreiaakembllahuyklv7xrucr6h4kdxsrietiletyof4uumcpetqdm5e," @abcnetwork.bsky.social has chosen to be the network that supports pedophelia! 

@cbsnews.com.web.brid.gy 
@nbcnews.com 
@rollingstone.com 
@cnn.com 
@msnbc.com 
@nytimes.com 
@washingtonpost.com 
@latimes.com 
@foxnews.com.web.brid.gy ALSO SUPPORTS PEDOPHELIA AND KILLING HOMELESS PPL",2025-09-18T13:56:18.252Z,the-fun-ghoul.bsky.social,did:plc:p2meb633afvejb6afymrjyzg,homeless,,,notebook_test,2025-09-18T13:57:44.005125+00:00,en,Vaffanculo,"I‚Äôm an old hippie. I love music. I love to gamble. I grew up in Youngstown, Ohio and I would bet the weather if they let me. I play a little guitar. I love to golf. Go Buckeyes!  I live in the Matrix ‚Ä¶",95,253,701,False,2025-04-03T22:27:40.093Z,https://cdn.bsky.app/img/avatar/plain/did:plc:p2meb633afvejb6afymrjyzg/bafkreifk3lrphnl4lqkddj2n6oobwoodmuksmzlrm3h7lbucv75tipjs74@jpeg,https://cdn.bsky.app/img/banner/plain/did:plc:p2meb633afvejb6afymrjyzg/bafkreibg4qzxzkeg55ew2pyyim5yfff2x7dalxj2pxy537phbhdvyvrnwa@jpeg,2025-09-18T13:57:44.005023+00:00,167,4.197604790419161,0.37549407114624506,20.5,26,286,0,10,0,[],"['@abcnetwork.bsky.social', '@cbsnews.com.web.brid.gy', '@nbcnews.com', '@rollingstone.com', '@cnn.com', '@msnbc.com', '@nytimes.com', '@washingtonpost.com', '@latimes.com', '@foxnews.com.web.brid.gy']",[],False,False,False,1,False,2025-09-18T13:57:44.005103+00:00,,,,
at://did:plc:7pxer37y5lpjk6hmfauss7mo/app.bsky.feed.post/3lz4iw46hck24,bafyreieytftvs3giane7gqitd6llpr7udsiipnpjvlrqmmzaeilhp3kfxu,"used some of the money we had for a meal... we r on day 5 trying to reach enough for just 1 nite of shelter as a homeless disabled couple... pls help...

ca $freakingbabygirl
throne.com/freakingangel",2025-09-18T13:56:26.442Z,freakingangel.bsky.social,did:plc:7pxer37y5lpjk6hmfauss7mo,homeless,,,notebook_test,2025-09-18T13:58:03.557084+00:00,en,angel xtasy üëºüíó $35/75,"Crazy Asian GirlyBOY üáØüáµüíï switch kinkster ‚õìüñ§ autistic DID systm üåà‚ôæ houseless survival SWer üè≥Ô∏è‚Äçüåàüè≥Ô∏è‚Äç‚ößÔ∏è queer & alternative dude (political) 

support thru MA or spicy sites
https://linktr.ee/angelxtasy

TW hard kinks: ddlb, cnc, sacrilege etcüñ§",4085,256,19056,False,2023-07-24T00:43:48.730Z,https://cdn.bsky.app/img/avatar/plain/did:plc:7pxer37y5lpjk6hmfauss7mo/bafkreidbow5gekkh3z64a26rgfuezfvbmuiu7dvptt5nifsg5j5f2v5rvq@jpeg,https://cdn.bsky.app/img/banner/plain/did:plc:7pxer37y5lpjk6hmfauss7mo/bafkreifedmh2wrxcxguqwhb433ga5wjvvdvymah75y3f76p4ujejubqdeq@jpeg,2025-09-18T13:58:03.556763+00:00,787,24.213468869123254,15.95703125,37.18,35,199,0,0,0,[],[],[],False,False,False,1,False,2025-09-18T13:58:03.557031+00:00,,,,
at://did:plc:qukfm22ii4o37pl6pwvseeif/app.bsky.feed.post/3lz4j4bw4ns23,bafyreicdrsb6m2wait76jireahqdg6pe7ncpqnpuzxtxevnrtp3f2uxv34,"So, free speech only applies to the far right? üö®Jimmy Kimmel basically just lost his job for saying Charlie Kirk‚Äôs killer was MAGA.

Just a few days ago, here‚Äôs Brian Kilmeade of Fox News saying homeless people should be killed: He still has his job:
THIS HYPOCRISY IS BULLSH*T",2025-09-18T13:59:53.788Z,wandy822.bsky.social,did:plc:qukfm22ii4o37pl6pwvseeif,homeless,,,notebook_test,2025-09-18T14:00:14.340434+00:00,en,Wandy Rod,"LIVE THE LIFE YOU DESERVE .
                   üíïüíï
BE ANYTHING BUT PREDICTABLE 
FDNY  üôèüèª üöí üéó üö®  ( üóΩ )",188,63,620,False,2024-11-17T13:03:47.834Z,https://cdn.bsky.app/img/avatar/plain/did:plc:qukfm22ii4o37pl6pwvseeif/bafkreiefgxeho2iefr427733wkwtazcn4lgmd3tjdfalicbndkzex5hdla@jpeg,,2025-09-18T14:00:14.340225+00:00,305,2.0327868852459017,2.984126984126984,24.28,49,277,0,0,0,[],[],[],False,False,False,0,True,2025-09-18T14:00:14.340389+00:00,,,,
at://did:plc:squuowlpozbyyqyqavgsxs6s/app.bsky.feed.post/3lz4j4l6trk2z,bafyreifjmcaav3onhyy5km5ty4vm4b5gz7qv2e7mgzjpyu3parlf7qkc2a,"Meanwhile, Fox News is talking about solving the homeless problem with involuntary lethal injections",2025-09-18T14:00:03.511Z,lawnmaker.bsky.social,did:plc:squuowlpozbyyqyqavgsxs6s,homeless,,,notebook_test,2025-09-18T14:00:48.692111+00:00,en,,,348,85,1055,False,2024-11-12T14:17:38.303Z,https://cdn.bsky.app/img/avatar/plain/did:plc:squuowlpozbyyqyqavgsxs6s/bafkreib5tguwqaikfgxxquzx24qobypqwyff3bifye5uyjo25aa3v3ofs4@jpeg,,2025-09-18T14:00:48.691946+00:00,309,3.414239482200647,4.094117647058823,27.08,14,100,0,0,0,[],[],[],False,False,False,0,True,2025-09-18T14:00:48.692075+00:00,,,,
at://did:plc:o7k4nmf5w5gczdvtbpbvhas4/app.bsky.feed.post/3lz4j4pafih2a,bafyreicuuw357i23rr5gx75fvwoonnawcsv5jkajb55iba7niupsuj7qdm,"Betta Fish: rescue fish, need advice

https://www.flakefood.com/772370/betta-fish-rescue-fish-need-advice/

i recently got a betta fish from my job (i work at an animal shelter) he looked like he was on his last life; very pale, not swimming and floating a bit sideways. so for those reasons, i ‚Ä¶",2025-09-18T14:00:05+00:00,flakefood.bsky.social,did:plc:o7k4nmf5w5gczdvtbpbvhas4,homeless,,,notebook_test,2025-09-18T14:01:18.164878+00:00,en-US,Flake Food,"
#Fishing
#Aquariums

https://www.flakefood.com/
",273,1,84940,False,2024-05-02T08:56:45.504Z,https://cdn.bsky.app/img/avatar/plain/did:plc:o7k4nmf5w5gczdvtbpbvhas4/bafkreifmtirjhk3clayzt3nua7p36gp44zznqu2mmmytdwrgk6fnmx5fmq@jpeg,https://cdn.bsky.app/img/banner/plain/did:plc:o7k4nmf5w5gczdvtbpbvhas4/bafkreihfjlz66kabbiyfudmd6cgrvyvasw7wy4kvy5qglf5iusjaqz3ume@jpeg,2025-09-18T14:01:18.164754+00:00,504,168.53174603174602,273.0,24.39,46,296,0,0,1,[],[],['https://www.flakefood.com/772370/betta-fish-rescue-fish-need-advice/'],False,True,True,1,False,2025-09-18T14:01:18.164855+00:00,,,,
at://did:plc:cxjqwekeciuszv2huemhmwdk/app.bsky.feed.post/3lz4j4qyfbk2t,bafyreiexwh4ya5z4ld2piwtfk32gydyzdm3kt3gwcjuj2afo6rtzzsab3a,And homeless people have been attacked and killed..,2025-09-18T14:00:09.590Z,ethelredaunready.bsky.social,did:plc:cxjqwekeciuszv2huemhmwdk,homeless,,,notebook_test,2025-09-18T14:01:27.181839+00:00,en,,,333,237,684,False,2025-07-13T20:59:43.931Z,https://cdn.bsky.app/img/avatar/plain/did:plc:cxjqwekeciuszv2huemhmwdk/bafkreifwwmkko6isurjq222jifkpxumejdztw32z4ebyh2xmlw244wdlay@jpeg,,2025-09-18T14:01:27.181726+00:00,66,10.363636363636363,1.4050632911392404,27.67,8,51,0,0,0,[],[],[],False,False,False,0,True,2025-09-18T14:01:27.181813+00:00,,,,
at://did:plc:5ekfk6hhug76nsysfodxcdob/app.bsky.feed.post/3lz4jsfnwjb2k,bafyreidvmbv7gtmakd2z6tjc6umwupwkzsmkeobs7kj7y6vltc75wktbga,"‚ÄòHousewarming kits‚Äô given to those overcoming homelessness in Mankato
STORY: https://www.keyc.com/2025/09/17/housewarming-kits-given-those-overcoming-homelessness-mankato/¬†",2025-09-18T14:12:15.857Z,keyc.com,did:plc:5ekfk6hhug76nsysfodxcdob,homeless,"""homelessness""",search_api,demo_search_test,2025-09-18T14:30:11.160700+00:00,en,KEYC News Now,"We're here to provide southern Minnesota & northern Iowa with the latest news, weather, and sports.  Make sure to tune in for KEYC News Now This Morning, Noon, 5, 6, 9 & 10.  Visit our website: www.keyc.com",81,1,1243,False,2024-11-27T17:06:30.147Z,https://cdn.bsky.app/img/avatar/plain/did:plc:5ekfk6hhug76nsysfodxcdob/bafkreiauuwsid6krvkib25ej66dirrsasxqw56m6ixywfoxkvzyr4lmqde@jpeg,,2025-09-18T14:30:11.160621+00:00,294,4.227891156462585,81.0,19.46,0,0,0,0,0,[],[],[],False,False,False,0,False,2025-09-18T14:30:11.160694+00:00,2025-09-18T14:12:17.204Z,0.0,0.0,0.0
at://did:plc:6emq4ywhnwoj4n6bw27ypz7w/app.bsky.feed.post/3lz4k4i3sys2r,bafyreiajkctxrkqchiblzhqeohtev3vmelecftyfxrcbcp3nonkufmwfcq,"As part of Simon Week 2025, Galway Simon Community is to host a conference on homelessness among older people www.advertiser.ie/galway/artic...",2025-09-18T14:17:54.008Z,galwayadvertiser.bsky.social,did:plc:6emq4ywhnwoj4n6bw27ypz7w,homeless,"""homelessness""",search_api,demo_search_test,2025-09-18T14:30:10.999249+00:00,en,Galway Advertiser,"Galway's favourite newspaper - in shops, through your door & online every Thursday morning!",439,15,2291,False,2024-11-20T13:02:27.469Z,https://cdn.bsky.app/img/avatar/plain/did:plc:6emq4ywhnwoj4n6bw27ypz7w/bafkreib5ky3jvlo6qltvxaonhomwvzrxs2wttp7dtbewhdogzp4fmcnmg4@jpeg,,2025-09-18T14:30:10.999112+00:00,302,7.586092715231788,29.266666666666666,27.39,0,0,0,0,0,[],[],[],False,False,False,0,False,2025-09-18T14:30:10.999235+00:00,2025-09-18T14:17:57.409Z,0.0,0.0,0.0
at://did:plc:4paxwvde6bj5niruogek2ql4/app.bsky.feed.post/3lz4k7uv3fc25,bafyreic7vuwejkvw7wyk362dzwl7jmjitv7ygtzychycnewr742wmom67u,"Being anti genocide is when you spend your time hyping up trans-genocide, unhoused genocide, and Palestinian genocide advocate Gavin Newsom and posting nothing about Gaza, Zionism, or Israel. 

Also Kimmel. Kimmel is very important to discuss and rage about instead of genocide.",2025-09-18T14:19:48.076Z,esunaproxy.bsky.social,did:plc:4paxwvde6bj5niruogek2ql4,homeless,"""unhoused""",search_api,demo_search_test,2025-09-18T14:30:16.981211+00:00,en,ÈòøÂÖ∞ üçâ üáµüá∏,"Anti colonialism & anti imperialism
End patriarchy
BIPOC & Trans lives matter
Also im gay

Don't know which GFM to donate to? I can help:
PayPal.me/aaronforgaza",2120,1602,4799,False,2024-10-19T13:37:35.306Z,https://cdn.bsky.app/img/avatar/plain/did:plc:4paxwvde6bj5niruogek2ql4/bafkreifazoq3qrwmzofl2ek2jyl4zhf26nfyzlm6siw5f6yv5n7uzr6fji@jpeg,https://cdn.bsky.app/img/banner/plain/did:plc:4paxwvde6bj5niruogek2ql4/bafkreicf5hzqp5iinefhl4tyxvc2bgvocf3j2xoz4qnc4katbkpbpal5zq@jpeg,2025-09-18T14:30:16.981012+00:00,334,14.368263473053892,1.32334581772784,35.47,0,0,0,0,0,[],[],[],False,False,False,0,False,2025-09-18T14:30:16.981192+00:00,2025-09-18T14:19:51.206Z,0.0,0.0,0.0
at://did:plc:6hgneph7awoog5fiqttouczw/app.bsky.feed.post/3lz4kazq4v22q,bafyreidoone3grcd2i4j7im6vgr6cc57yk6gu37jd6c55obhulcbzdkhyu,A Fox News host says live on air that homeless people should be murdered. Days later over a dozen homeless people are shot in an encampment.,2025-09-18T14:20:26.717Z,heathenhistory.bsky.social,did:plc:6hgneph7awoog5fiqttouczw,homeless,"""encampment""",search_api,demo_search_test,2025-09-18T14:30:20.524998+00:00,en,The Heathen Historian,"""Always sniff the breeze""",798,243,3702,False,2024-11-14T20:16:37.921Z,https://cdn.bsky.app/img/avatar/plain/did:plc:6hgneph7awoog5fiqttouczw/bafkreichkjugixfvtahxgnulvr5bnwov7p4rrxzpudql7kfqkjr47ow32y@jpeg,https://cdn.bsky.app/img/banner/plain/did:plc:6hgneph7awoog5fiqttouczw/bafkreidwkrahxqmyqtmt2h3g6nn5ezogng5vtu7xlahwfsrrsjvkttuf3i@jpeg,2025-09-18T14:30:20.524895+00:00,307,12.058631921824103,3.2839506172839505,30.1,0,0,0,0,0,[],[],[],False,False,False,0,False,2025-09-18T14:30:20.524987+00:00,2025-09-18T14:20:27.004Z,0.0,0.0,0.0
at://did:plc:h5re53kend7lhl63pibzlzyl/app.bsky.feed.post/3lz4kdds6ok2e,bafyreihrmzp4nibhvnycmmo2mjnah6zyrg2ikyu6li7ebqz7fwklze53lu,Can someone please explain to me what they find offensive because I don‚Äôt see it.   What was blatantly offensive was the Fox anchor saying they should kill unhoused people; the ‚ÄúChristian‚Äù right had no problem with that.   He‚Äôs still on airü§°ü§¨,2025-09-18T14:21:44.379Z,mebasia.bsky.social,did:plc:h5re53kend7lhl63pibzlzyl,homeless,"""unhoused""",search_api,demo_search_test,2025-09-18T14:30:16.821120+00:00,en,,"Naturalized US citizen, dual Canadian citizen‚ù§Ô∏èüá®üá¶.   WTF has happenedüíî
üö´DM",574,356,2200,False,2025-01-31T03:54:03.944Z,https://cdn.bsky.app/img/avatar/plain/did:plc:h5re53kend7lhl63pibzlzyl/bafkreif4xwx2csinrdins5is5ab4ls3g5zc3tdopfywik2gkodlbjtse3q@jpeg,https://cdn.bsky.app/img/banner/plain/did:plc:h5re53kend7lhl63pibzlzyl/bafkreih4rnmd3gy4b3okfoojmyh6aer6ta3yya7jcwzy2bgzxqj2kbjtpi@jpeg,2025-09-18T14:30:16.820993+00:00,230,9.565217391304348,1.6123595505617978,28.9,0,0,0,0,0,[],[],[],False,False,False,0,False,2025-09-18T14:30:16.821110+00:00,2025-09-18T14:21:45.002Z,1.0,0.0,0.0
at://did:plc:sjaphhqjtz35gnbgthrjrq6g/app.bsky.feed.post/3lz4kde65ik2w,bafyreig6i4tuqivryotvvl6jttbco6llhnkx6xrcz2kcukl3ykwmverywm,Eight people were shot the next day at a homeless encampment. POS üí© Brian Kilmeade should be in a fucking prison cell.,2025-09-18T14:21:44.751Z,vichurtowy.bsky.social,did:plc:sjaphhqjtz35gnbgthrjrq6g,homeless,"""encampment""",search_api,demo_search_test,2025-09-18T14:30:20.368737+00:00,en,Vic Hurtowy,"Politically a Bernie Sanders progressive. First-generation Ukrainian American born in Chicago 
My passions are Ukraine, dogs, and playing with canoes and kayaks.",3850,4966,5086,False,2025-03-27T08:20:08.192Z,https://cdn.bsky.app/img/avatar/plain/did:plc:sjaphhqjtz35gnbgthrjrq6g/bafkreicwhsboups6wm32fqltc4splgileewtqjkuu2doj7patabv5pa7lu@jpeg,https://cdn.bsky.app/img/banner/plain/did:plc:sjaphhqjtz35gnbgthrjrq6g/bafkreibqeu6luj3lolkovdiryvjo6ygpfxqperuvz2qydaevv43fvxgqmq@jpeg,2025-09-18T14:30:20.368631+00:00,175,29.062857142857144,0.7752718485702779,39.64,0,0,0,0,0,[],[],[],False,False,False,0,False,2025-09-18T14:30:20.368728+00:00,2025-09-18T14:21:47.011Z,0.0,6.0,12.0
at://did:plc:3yznbxtrdkjbqqofgdgnzmen/app.bsky.feed.post/3lz4kf2a3vc22,bafyreicgjoix44c52o2czrtqqh4zzf6flxeeoexefdvprkjrbc7igst5uq,"Mostly the white ones who choose homelessness 

The first person to block me on this site is a narcissistic woman who had other options to get away from her psychopathic father but chose homelessness and then runs around wanting everyone to feel sorry for her 
She also fetishizes Obama",2025-09-18T14:22:41.458Z,ektashahmd.bsky.social,did:plc:3yznbxtrdkjbqqofgdgnzmen,homeless,"""homelessness""",search_api,demo_search_test,2025-09-18T14:30:10.816859+00:00,en,EktaShahMD,"Physician artist negotiation coach pianist photographer and democrat HarrisWalz2024

She will always be my forever MVP",14932,2679,26478,False,2023-09-19T17:16:17.210Z,https://cdn.bsky.app/img/avatar/plain/did:plc:3yznbxtrdkjbqqofgdgnzmen/bafkreidtnzs5bmzr4xxeljr65f3k7stk4xuxncb3det2yorssryevjueeu@jpeg,https://cdn.bsky.app/img/banner/plain/did:plc:3yznbxtrdkjbqqofgdgnzmen/bafkreicykio7lalykrbbdpfbfxdlav6s3vbbayzuua2caws6pz6lbhcuyq@jpeg,2025-09-18T14:30:10.816542+00:00,729,36.32098765432099,5.5737215378872715,44.56,0,0,0,0,0,[],[],[],False,False,False,0,False,2025-09-18T14:30:10.816847+00:00,2025-09-18T14:22:41.808Z,1.0,1.0,3.0
at://did:plc:3yznbxtrdkjbqqofgdgnzmen/app.bsky.feed.post/3lz4kg5cum222,bafyreibgitcjvrtvqnq2jufh4w5e4eq3xrh4acnz7zjxltybiqv5a5l4oi,Only from white folk have I ever heard of them talking about choosing homelessness bc they want to and should be able to do what they want as they brag about the wealth they had before 2/,2025-09-18T14:23:18.248Z,ektashahmd.bsky.social,did:plc:3yznbxtrdkjbqqofgdgnzmen,homeless,"""homelessness""",search_api,demo_search_test,2025-09-18T14:30:10.816722+00:00,en,EktaShahMD,"Physician artist negotiation coach pianist photographer and democrat HarrisWalz2024

She will always be my forever MVP",14932,2679,26478,False,2023-09-19T17:16:17.210Z,https://cdn.bsky.app/img/avatar/plain/did:plc:3yznbxtrdkjbqqofgdgnzmen/bafkreidtnzs5bmzr4xxeljr65f3k7stk4xuxncb3det2yorssryevjueeu@jpeg,https://cdn.bsky.app/img/banner/plain/did:plc:3yznbxtrdkjbqqofgdgnzmen/bafkreicykio7lalykrbbdpfbfxdlav6s3vbbayzuua2caws6pz6lbhcuyq@jpeg,2025-09-18T14:30:10.816542+00:00,729,36.32098765432099,5.5737215378872715,44.56,0,0,0,0,0,[],[],[],False,False,False,0,False,2025-09-18T14:30:10.816704+00:00,2025-09-18T14:23:18.602Z,0.0,1.0,2.0
at://did:plc:blupy3qiqiviejr2autzsabm/app.bsky.feed.post/3lz4kgy2bnk2z,bafyreif5tv2u7lnjokhewktksocpr35kvsilpghgaa5ecas6yvkoxz5oki,I used to work for a statewide organization that advocated for community-based housing agencies. One of the agencies developed supportive housing for formerly unhoused ppl and included a courtyard where residents could sleep outside if they wanted. People didn't understand it until it was explained,2025-09-18T14:23:46.279Z,losttwocities.bsky.social,did:plc:blupy3qiqiviejr2autzsabm,homeless,"""unhoused""",search_api,demo_search_test,2025-09-18T14:30:16.663135+00:00,en,Pittsburgh Toilet,,102,228,586,False,2025-01-29T00:12:03.044Z,https://cdn.bsky.app/img/avatar/plain/did:plc:blupy3qiqiviejr2autzsabm/bafkreigqaf63jqvysjtbnr25mxx6gussenmpyaugvyob2siqp2bhisp4zm@jpeg,,2025-09-18T14:30:16.663025+00:00,232,2.5258620689655173,0.4473684210526316,21.0,0,0,0,0,0,[],[],[],False,False,False,0,False,2025-09-18T14:30:16.663125+00:00,2025-09-18T14:23:46.810Z,0.0,0.0,0.0
at://did:plc:ump6xfl4ac4a5lhpfsjjgde6/app.bsky.feed.post/3lz4khgmzzyy2,bafyreih3bfvx2tvuunjgpndcj2aihzgx2exe6a3u7qunjfdih4zddfeose,"[re: war, scaryyyy]

@starlight ""bomb shelter"" and ""chill"" are not two words which belong in a sentence together",2025-09-18T14:23:53.000Z,valk.social.treehouse.systems.ap.brid.gy,did:plc:ump6xfl4ac4a5lhpfsjjgde6,homeless,"""shelter""",search_api,demo_search_test,2025-09-18T14:30:24.386105+00:00,en,valkyrie_pilot,"@niko <3
programmer, moderator, top silly

I am not NSFW myself. Please be careful on the internet.

Jag l√§r mig svenska och jag √§lskar att tr√§na p√• spr√•ket!

üåâ bridged from https://social.treehouse.systems/@valk on the fediverse by https://fed.brid.gy/",3,1,91,False,2025-04-16T19:42:42.499Z,https://cdn.bsky.app/img/avatar/plain/did:plc:ump6xfl4ac4a5lhpfsjjgde6/bafkreiglepivh2yejhwz7sixy5v3hhfcqqw3rwk6c4luypkzlgm65at4wm@jpeg,,2025-09-18T14:30:24.385976+00:00,154,0.5909090909090909,3.0,6.19,0,0,0,0,0,[],[],[],False,False,False,0,False,2025-09-18T14:30:24.386095+00:00,2025-09-18T14:26:34.907Z,1.0,0.0,1.0
at://did:plc:7lgpfkgnq7sc2yehsykai5ac/app.bsky.feed.post/3lz4kjeyvec2b,bafyreibkhl5fsmozvk4kwm646o5woyfl3wgwfkyzps7jlkjfm4cexgkzbq,"We spent last week with private citizens (justifiably) blasting Brian Kilmeade for advocating mass state murder for the crime of being unhoused, but I would have had a big problem if a Democratic president or FCC director had exerted pressure on Fox to fire him.",2025-09-18T14:25:06.974Z,spsnomad.bsky.social,did:plc:7lgpfkgnq7sc2yehsykai5ac,homeless,"""unhoused""",search_api,demo_search_test,2025-09-18T14:30:16.508562+00:00,en,Steve in Chicago,"IT Professional. Friend of democracy. If you're not going to heaven, why only miss it by an inch?",1657,3349,6826,False,2024-11-12T05:25:50.203Z,https://cdn.bsky.app/img/avatar/plain/did:plc:7lgpfkgnq7sc2yehsykai5ac/bafkreiamegpru3ehmz47w3lzvtgjda6yo6kxt47e6c3wmdzr7h75qxmys4@jpeg,,2025-09-18T14:30:16.508406+00:00,310,22.019354838709678,0.4947745595700209,33.41,0,0,0,0,0,[],[],[],False,False,False,0,False,2025-09-18T14:30:16.508545+00:00,2025-09-18T14:25:07.106Z,0.0,0.0,0.0
at://did:plc:xexbwwgmxm5uzna5wk6hwbtm/app.bsky.feed.post/3lz4kjrew7k2r,bafyreifv7yityk6vdhtzqss5qkhzvfvahhuifbzk7u5cv6jwmadi7ka52q,"We are all one breath
Born of earth, sky, and marrow
Humanity's kin

therefore

Speak with gentle truth
Words can shelter or shatter
Choose to build, not break

#haikufeels #Family #Haiku #Senryu #Poetry #Writing  #KindnessMatters #WritingCommunity",2025-09-18T14:25:19.941Z,irishlisa.bsky.social,did:plc:xexbwwgmxm5uzna5wk6hwbtm,homeless,"""shelter""",search_api,demo_search_test,2025-09-18T14:30:23.246828+00:00,en,IrishLisa,"Neurodivergent Survivor. Retired veteran. I persevere w/PTSD & TBI. Backyard Birder/Gardener/Butterfly-er. Puppy momma.¬†üåàReturning to the creative pen. No ""friend"" requests - don't make it weird. OK? ¬Ø\_(„ÉÑ)_/¬Ø Breathe, ah...",3131,46,2649,False,2024-12-01T12:47:48.345Z,https://cdn.bsky.app/img/avatar/plain/did:plc:xexbwwgmxm5uzna5wk6hwbtm/bafkreihkdwfq6se3w5d3ihog4edfa4snt2b64iy5bxpfirqc3vzzoa7kpa@jpeg,https://cdn.bsky.app/img/banner/plain/did:plc:xexbwwgmxm5uzna5wk6hwbtm/bafkreicl2pf3nu6z252ibbvrm3ltty5zxxu3o65vsku2pfgp3alzcuevki@jpeg,2025-09-18T14:30:23.246714+00:00,291,9.103092783505154,68.06521739130434,40.87,0,0,0,0,0,[],[],[],False,False,False,0,False,2025-09-18T14:30:23.246820+00:00,2025-09-18T14:25:16.609Z,0.0,1.0,10.0
at://did:plc:v5cwalhxuiw52w25qmngx3ag/app.bsky.feed.post/3lz4kkodohk2j,bafyreie6wgl7h3qpidal6mhjx4tqnm35kmomahmxhqb7xwdno3gs4hj7yq,"Hello my friends, once again, after a week of internet outage, we are now in northern Gaza. The bombing does not stop and we do not have the money for transportation. We are sleeping in the street without shelter or food. We are hungry and homeless. Please help us. 

tinyurl.com/7kv295bc",2025-09-18T14:25:50.310Z,hanihani224.bsky.social,did:plc:v5cwalhxuiw52w25qmngx3ag,homeless,"""shelter""",search_api,demo_search_test,2025-09-18T14:30:23.084348+00:00,en,,https://tinyurl.com/7kv295bc,0,19,1,False,2025-09-18T14:27:10.998Z,,,2025-09-18T14:30:23.084215+00:00,0,0.0,0.0,0.0,0,0,0,0,0,[],[],[],False,False,False,0,False,2025-09-18T14:30:23.084334+00:00,2025-09-18T14:26:23.411Z,0.0,0.0,1.0
at://did:plc:gs44jr4n6ywonhnz4sirqhal/app.bsky.feed.post/3lz4kmjeews22,bafyreidfw7jrcgwacdsc726myki7oz4nc7bg6ytefvinfiqh7kjsin26va,Liberals in the modern context fucking love control though. From homelessness to means testing your ideology is fundamentally based on trying to control the type of citizen society outputs,2025-09-18T14:26:52.207Z,chemicalchaos.bsky.social,did:plc:gs44jr4n6ywonhnz4sirqhal,homeless,"""homelessness""",search_api,demo_search_test,2025-09-18T14:30:10.654995+00:00,am,Morgans Malevolent Maelstorm,"GM of many world's and a Queer disaster. Now is the time of monsters, but we must not fear ruins. For fear is the mindkiller. Be kind in what is to come.",329,322,3479,False,2023-06-22T03:43:34.806Z,https://cdn.bsky.app/img/avatar/plain/did:plc:gs44jr4n6ywonhnz4sirqhal/bafkreihbiwr4seluzkec7zbpaymogi2p66hyortebk3dvmlbayl4jl2nki@jpeg,https://cdn.bsky.app/img/banner/plain/did:plc:gs44jr4n6ywonhnz4sirqhal/bafkreihbklquzm6zaqx65yq4vmcyg3bu3uykkg3z3biv7oqm3kpgqpvbfq@jpeg,2025-09-18T14:30:10.654893+00:00,819,4.247863247863248,1.0217391304347827,25.66,0,0,0,0,0,[],[],[],False,False,False,0,False,2025-09-18T14:30:10.654987+00:00,2025-09-18T14:26:52.605Z,0.0,0.0,0.0
at://did:plc:iexuogwy3c3pqiu6xpjqgujc/app.bsky.feed.post/3lz4kmsjtks2v,bafyreigjit5zrgxfqexhq3wupwk5jujauxazg6qjmlt6gcq4o5p4whvoke,"I don‚Äôt know if this will make sense‚Ä¶

But that fallout shelter is also exactly what my guys are taking about here.

The greater one‚Äôs depth, the more you can pull one another into each other‚Äôs inner-world, ruled by their feminine energy.

We all protect it at all costs. üßµ

#MusicSky #ThoughtJournal",2025-09-18T14:27:01.824Z,holyhera.bsky.social,did:plc:iexuogwy3c3pqiu6xpjqgujc,homeless,"""shelter""",search_api,demo_search_test,2025-09-18T14:30:22.713528+00:00,en,Holy Hera ü™ûüßø‚ú®,"Divine Mirror. Oracle. Abstract Concept. ü™û‚ú®

Poetry | Essays | Memoir | Art | Photography

Humans are my favorite animal. üß† üëΩ

Meet me as the ocean & I‚Äôll greet you with a wave. üëã üåä

üî•Alt: @velvetpantheon.bsky.social‚Ä¨

ü™©More: https://beacons.ai/holyhera",975,335,5618,False,2025-01-13T13:06:45.943Z,https://cdn.bsky.app/img/avatar/plain/did:plc:iexuogwy3c3pqiu6xpjqgujc/bafkreib6bebkp5mqubg5daqaut2dd7o43q37vlrg4q6kabdg5bvhmhm6ki@jpeg,https://cdn.bsky.app/img/banner/plain/did:plc:iexuogwy3c3pqiu6xpjqgujc/bafkreid6lhzcrsov3keeqgrnfmc6rhe6h5b4hxcqc3qbznladzkmucvqla@jpeg,2025-09-18T14:30:22.713384+00:00,248,22.653225806451612,2.91044776119403,30.76,0,0,0,0,0,[],[],[],False,False,False,0,False,2025-09-18T14:30:22.713518+00:00,2025-09-18T14:27:03.805Z,1.0,0.0,0.0
at://did:plc:tepbwwnikxhe7xsewfjfksci/app.bsky.feed.post/3lz4kn3r4rs23,bafyreihy26x75pvlt6a7olmh7laqot7vopamexhggs3ksk5243ds7z4sse,"Thank you for posting this. I just heard him. Where is that money going? We can use that - healrhcare4all, feed the starving, shelter for the homeless‚Ä¶..whose picketing those trillions?",2025-09-18T14:27:11.496Z,ponybirdknits.bsky.social,did:plc:tepbwwnikxhe7xsewfjfksci,homeless,"""shelter""",search_api,demo_search_test,2025-09-18T14:30:22.554719+00:00,en,,"Dog lover, knitter, barista, resister, happily married, mother, blue voter, exercise, reproductive healthcare rights, resist , tree hugger üå≥ üå≤ üå¥ healthcare for all,

üåä üåäüíôüíô‚òÆÔ∏èüåàüòªüê∂ü¶äü¶ãü¶ãüêûüêùüêëü¶ÉüçÑüåéüèÑüèΩ‚Äç‚ôÇÔ∏èüßøüá∫üá¶


ü§¨üö´MAGAts ü§¨üö´spam ü§¨üö´porn 
No DMs",1652,1564,354,False,2024-11-13T00:57:41.811Z,https://cdn.bsky.app/img/avatar/plain/did:plc:tepbwwnikxhe7xsewfjfksci/bafkreib6uvs6lfxoydsoeld2t2fbecxsdp4jf7lcbvn5t3z6b6r3rsnod4@jpeg,https://cdn.bsky.app/img/banner/plain/did:plc:tepbwwnikxhe7xsewfjfksci/bafkreihu2rpuwmpaftehwmf234yxannmswvzvgym3of5a2a7qrqizlcy2e@jpeg,2025-09-18T14:30:22.554613+00:00,309,1.145631067961165,1.0562659846547315,55.52,0,0,0,0,0,[],[],[],False,False,False,0,False,2025-09-18T14:30:22.554710+00:00,2025-09-18T14:27:12.010Z,0.0,0.0,0.0
at://did:plc:of6elbxoxrjbawswxju3bdbz/app.bsky.feed.post/3lz4konlo6c2c,bafyreifg4faxza5qrflzzxq76puyp7yqc27ewhaltalvfluvnptk76vylu,"If thats the case then whybisnt half the staff at fox news canned for their statements about killing the homeless, targeting liberals, etc",2025-09-18T14:28:03.750Z,jimbo67.bsky.social,did:plc:of6elbxoxrjbawswxju3bdbz,homeless,"""homeless""",search_api,demo_search_test,2025-09-18T14:30:09.104826+00:00,en,,,26,21,89,False,2024-10-22T19:36:17.505Z,https://cdn.bsky.app/img/avatar/plain/did:plc:of6elbxoxrjbawswxju3bdbz/bafkreihkehdxzl2wlyfdy4bz4puykfulz3dnml7ci3oshuiyyxupxdxzuq@jpeg,,2025-09-18T14:30:09.104723+00:00,330,0.2696969696969697,1.2380952380952381,15.77,0,0,0,0,0,[],[],[],False,False,False,0,False,2025-09-18T14:30:09.104814+00:00,2025-09-18T14:28:04.807Z,0.0,0.0,0.0
at://did:plc:nuo7h6sdvbtv25pklgor6mwc/app.bsky.feed.post/3lz4kps3p4s2a,bafyreieipet4pzj3xzeeudfumgi424vnjgthupcixegupnznu447wdkzly,"But FOX suggests we inject all the homeless and ‚Äú just kill ‚Äòem‚Äù. 
And this wasn‚Äôt comedy; they were serious. üò°üò°üò°",2025-09-18T14:28:42.017Z,rubicon1313.bsky.social,did:plc:nuo7h6sdvbtv25pklgor6mwc,homeless,"""homeless""",search_api,demo_search_test,2025-09-18T14:30:08.066916+00:00,en,Rubicon1313  üíïSafe 4 LGTBQüíïVets,"Ally to the marginalized. Make America Kind Again. Intelligent Again. Trump has radicalized my disdain for GOP. Trump‚Äôs a üê∑!  üö´DMs, üö´Crypto, üö´Porn!  Democrat! The Coup is REAL!  ‚ÄúIs He Dead Yet?‚Äù  RESIST üíôü©∑üíô",92413,93940,14786,False,2024-11-15T14:58:15.937Z,https://cdn.bsky.app/img/avatar/plain/did:plc:nuo7h6sdvbtv25pklgor6mwc/bafkreifhktxxkhhwrfuakghe3izm33wadfauubdqevisic5mv45kfaqiri@jpeg,https://cdn.bsky.app/img/banner/plain/did:plc:nuo7h6sdvbtv25pklgor6mwc/bafkreicvwbdcqsdiqtc2w3wx47i5qir3fjl65h7n7ussiybpq7bjbkvo3i@jpeg,2025-09-18T14:30:08.066772+00:00,306,48.3202614379085,0.9837449435810092,80.91,0,0,0,0,0,[],[],[],False,False,False,0,False,2025-09-18T14:30:08.066905+00:00,2025-09-18T14:28:44.908Z,0.0,3.0,5.0
at://did:plc:puvzjlfcmwsxmsvael2jdahc/app.bsky.feed.post/3lz4kps7i7s2l,bafyreielgtaqjyjdxq6ibsurxybv52zh2xkuclrh5jc56qbq27xthmi2xa,And Fox did not fire him!!! We must all assume Fox supports the statement that he made and agrees that the homeless should be executed!!! ü§îü§îü§îü§î I will not watch Fox!!! I will not buy any products from any of the sponsors advertising on their station!!! ü§îü§îü§îü§î,2025-09-18T14:28:42.148Z,harweswea.bsky.social,did:plc:puvzjlfcmwsxmsvael2jdahc,homeless,"""homeless""",search_api,demo_search_test,2025-09-18T14:30:07.903032+00:00,en,Harold Wesley,"THANK YOU, BLUE SKY! Freedom  of  speech  lives!!!  Fighting for Democracy! How can people be so blind, so ignorant? ü§î Woke is good! I care about people, animals, country, family, and Mother Earth. üêæüêï üèà üêà üê¥ üö´ X üö´ DM üö´ Solicitations üö´ Magats",16045,25429,3958,False,2024-11-14T03:22:09.486Z,https://cdn.bsky.app/img/avatar/plain/did:plc:puvzjlfcmwsxmsvael2jdahc/bafkreieqdn4bwblliaypwp4i3qfn7qjqqettfyjhmrtlowf3bupmqhmore@jpeg,https://cdn.bsky.app/img/banner/plain/did:plc:puvzjlfcmwsxmsvael2jdahc/bafkreieanuhvblgfwxg2mnr5wewihecvfvawjztenqbgpkfaqhskv2ebty@jpeg,2025-09-18T14:30:07.902912+00:00,308,12.85064935064935,0.6309725116992411,62.32,0,0,0,0,0,[],[],[],False,False,False,0,False,2025-09-18T14:30:07.903022+00:00,2025-09-18T14:28:42.702Z,0.0,0.0,0.0
at://did:plc:nqy6kfgtxkr4sm7ednm65a4z/app.bsky.feed.post/3lz4kq2rcw22b,bafyreicf5abw546j5efxjgk4pyia5ladnayjv7j3mqfktatzidv63vt7ty,Like suggesting all unhoused people are given lethal injections?,2025-09-18T14:28:51.120Z,einaphets.bsky.social,did:plc:nqy6kfgtxkr4sm7ednm65a4z,homeless,"""unhoused""",search_api,demo_search_test,2025-09-18T14:30:16.349435+00:00,en,Einaphets,"Mom, partner, retired teacher, Jersey girl living in NH. I‚Äôm trying to find a healthy balance between being well informed and maintaining my sanityü§∑üèª‚Äç‚ôÄÔ∏è",493,344,327,False,2024-11-12T21:07:49.813Z,https://cdn.bsky.app/img/avatar/plain/did:plc:nqy6kfgtxkr4sm7ednm65a4z/bafkreiakjp7azuwaarrpdhzhrkgytkkz5pb2lgxmhpdxyp64cybgzyrbhm@jpeg,https://cdn.bsky.app/img/banner/plain/did:plc:nqy6kfgtxkr4sm7ednm65a4z/bafkreid6dcva3hmnxxsdb552ghg6mcio7jbosndijtksf5yevsnxag7i4i@jpeg,2025-09-18T14:30:16.349287+00:00,309,1.058252427184466,1.433139534883721,34.48,0,0,0,0,0,[],[],[],False,False,False,0,False,2025-09-18T14:30:16.349424+00:00,2025-09-18T14:28:51.706Z,0.0,0.0,0.0
at://did:plc:k3e34calzrx5nslp3le26l5p/app.bsky.feed.post/3lz4kq4e5uk2n,bafyreifofiw3urbe5xlpd3ptn6ub3xqreztrwik6iy6xhptx7bcj46if54,Bullshit Bullshit you are full of shit. We have over 1.4 million homeless children in the US. We have over 13 million hungry kids in the US that do not get their daily nutritional needs met. You are not doing shit about it.,2025-09-18T14:28:52.787Z,psiic.bsky.social,did:plc:k3e34calzrx5nslp3le26l5p,homeless,"""homeless""",search_api,demo_search_test,2025-09-18T14:30:07.741560+00:00,en,,,238,86,2325,False,2025-07-22T03:21:00.232Z,https://cdn.bsky.app/img/avatar/plain/did:plc:k3e34calzrx5nslp3le26l5p/bafkreiglni3fax6orwvhipe6ssqqespiv5oc2zh3exz3sr6iui6qd5puka@jpeg,,2025-09-18T14:30:07.741464+00:00,58,40.08620689655172,2.7674418604651163,24.3,0,0,0,0,0,[],[],[],False,False,False,0,False,2025-09-18T14:30:07.741550+00:00,2025-09-18T14:28:55.007Z,0.0,0.0,0.0
at://did:plc:jatrllrjoyixjnh2its6lj64/app.bsky.feed.post/3lz4kqa647k22,bafyreial7vuw7iin7nkrvpewvoqx2vbuhfh5ilqwr7akgyujie4yylvdwy,What a load of crap. Kimmel didn't shoot the guy. And what about Brian Kilmeade? Maybe he should pay reparations to every homeless person on the streets.,2025-09-18T14:28:56.783Z,geogan2057.bsky.social,did:plc:jatrllrjoyixjnh2its6lj64,homeless,"""homeless""",search_api,demo_search_test,2025-09-18T14:30:07.576161+00:00,en,,"Retired, sort of. Amateur historian, proud grandfather of four girls. ‚ù§Ô∏è‚ù§Ô∏è‚ù§Ô∏è‚ù§Ô∏è",1161,313,1514,False,2024-11-18T19:31:14.546Z,https://cdn.bsky.app/img/avatar/plain/did:plc:jatrllrjoyixjnh2its6lj64/bafkreie5rbc67debbaq4vbm2e5u2hfxamjztwsy5jz2snirqgytp6zbxgy@jpeg,,2025-09-18T14:30:07.576061+00:00,303,4.996699669966997,3.70926517571885,34.49,0,0,0,0,0,[],[],[],False,False,False,0,False,2025-09-18T14:30:07.576151+00:00,2025-09-18T14:28:57.610Z,0.0,0.0,1.0
at://did:plc:leqlmjhlywwcxdrezp4enrfx/app.bsky.feed.post/3lz4tnc6inc23,bafyreibw4gouxgunubevdcuds6b6br6mrapact7gv3235nppelysryfho4,"IMO, people who can‚Äôt stop discussing how expensive dates should be need to all have first dates at a shelter, giving out food. See how fortunate you are to have the choice of where and what to eat.",2025-09-18T17:08:21.905Z,hartsunknown.blacksky.app,did:plc:leqlmjhlywwcxdrezp4enrfx,homeless,,,session_20250918_130453,2025-09-18T17:09:09.566663+00:00,en,Hiking Hart,Environmental planner and nature lover. I go on adventures and take pictures. I‚Äôm the Black guy who camps.,7137,652,4885,False,2024-10-20T19:21:57.909Z,https://cdn.bsky.app/img/avatar/plain/did:plc:leqlmjhlywwcxdrezp4enrfx/bafkreihcj2h3nlbv6xe4g7i6lhy2ni3xipxs5ls7ft5ozyvam7c4tomg4u@jpeg,https://cdn.bsky.app/img/banner/plain/did:plc:leqlmjhlywwcxdrezp4enrfx/bafkreieozxxr6i4fxvs23ewnbfdgjrogqjl4oqpqdwaj2trsglpkcfws3m@jpeg,2025-09-18T17:09:09.566527+00:00,332,14.713855421686747,10.946319018404909,45.84,38,198,0,0,0,[],[],[],False,False,False,1,False,2025-09-18T17:09:09.566638+00:00,,,,
at://did:plc:xhkiz5olx2bafyr6vldcmqhp/app.bsky.feed.post/3lz4tndncos2z,bafyreiczt42qfsqvy25tlv7whs5q7js42lg5b7ibkyudsv7zws7373aypi,One black man and one white unhoused man.,2025-09-18T17:08:23.439Z,farmgirl1.bsky.social,did:plc:xhkiz5olx2bafyr6vldcmqhp,homeless,,,session_20250918_130453,2025-09-18T17:09:19.300759+00:00,en,Farm Girl,Still a blue dot in a sea of red.   üá∫üá¶,2472,3621,2566,False,2024-11-11T18:04:17.379Z,https://cdn.bsky.app/img/avatar/plain/did:plc:xhkiz5olx2bafyr6vldcmqhp/bafkreifcvb4zyhgnqfe7ifc2lakg432rrgmn4muzqap7us7s363by2pdvu@jpeg,https://cdn.bsky.app/img/banner/plain/did:plc:xhkiz5olx2bafyr6vldcmqhp/bafkreickdcjbsr6b3v4qvg4bogbnx4n3wc2vapit5yl3uzm5uumb2543pi@jpeg,2025-09-18T17:09:19.300574+00:00,310,8.27741935483871,0.6826843413421707,38.75,8,41,0,0,0,[],[],[],False,False,False,0,True,2025-09-18T17:09:19.300722+00:00,,,,
at://did:plc:jf54dgrzbicxmfwmrp3dfv5i/app.bsky.feed.post/3lz4tnf7n222p,bafyreidzxxpkdaqhvwueo6hxzms3kdzyhmobkclbi4rgebghgxiwggy4yq,But it's in the public's interest to suggest euthanizing our homeless vets?,2025-09-18T17:08:25.089Z,bronxchick.bsky.social,did:plc:jf54dgrzbicxmfwmrp3dfv5i,homeless,,,session_20250918_130453,2025-09-18T17:09:19.848784+00:00,en,OG Bronx Chick,"In Da Boogie, if you know you know
Guilty of posting random weiner picts 
Absolutely no DMs",11883,7777,739,False,2024-11-15T17:38:05.222Z,https://cdn.bsky.app/img/avatar/plain/did:plc:jf54dgrzbicxmfwmrp3dfv5i/bafkreiaqgclqfjpkm6cspj5bqisjfjsynhscml7kdjb24nl2m47vrjz5wy@jpeg,https://cdn.bsky.app/img/banner/plain/did:plc:jf54dgrzbicxmfwmrp3dfv5i/bafkreibpxn7wqegcsfavy5eg5jlcfxwdp7bhjkms7ladxbruidmntrzzse@jpeg,2025-09-18T17:09:19.848660+00:00,306,2.415032679738562,1.527967082422528,90.75,12,75,0,0,0,[],[],[],False,False,False,0,True,2025-09-18T17:09:19.848758+00:00,,,,
at://did:plc:o5xxswbbkty4t3qwyfrkjpsv/app.bsky.feed.post/3lz4tnhik2c2c,bafyreicpvmuigyvr66gxkuu5naq6xtvdfsrbniaggtlr2gkimvalt7u7um,When is Brandon Carr going to do something about the Fox News host wanting to murder the homeless?,2025-09-18T17:08:27.478Z,thatdamnpam.bsky.social,did:plc:o5xxswbbkty4t3qwyfrkjpsv,homeless,,,session_20250918_130453,2025-09-18T17:09:31.132452+00:00,en,ThatdamnPam,"Retired and loving it ‚ù§Ô∏è
sharing my photos üì∏ 
all taken by me",34,4,15,False,2024-11-27T22:55:38.545Z,https://cdn.bsky.app/img/avatar/plain/did:plc:o5xxswbbkty4t3qwyfrkjpsv/bafkreid7oj7emjbemwyf3n4aauuqnky7jdt42mi4v55qq44c4i6qign5cm@jpeg,https://cdn.bsky.app/img/banner/plain/did:plc:o5xxswbbkty4t3qwyfrkjpsv/bafkreiemnddyri7pvkffoxzq5fnmqdd6v7kqw7ykcfecqoavtfajcnbq4u@jpeg,2025-09-18T17:09:31.132313+00:00,294,0.05102040816326531,8.5,26.77,18,98,0,0,0,[],[],[],False,False,False,0,False,2025-09-18T17:09:31.132423+00:00,,,,
at://did:plc:xcwyk5kvncg5lj7ejkttw2q2/app.bsky.feed.post/3lz4tnjmksk2i,bafyreiag6btf7egonwapih63neab5bwyeynnkbz5o6yxrjlwhqk4b4qal4,"So ""dumb or rude"" comments are worthy of losing ones career? Why is kilmeade still employed then? FCC doesn't cover pretend news networks? Saying the unhoused should be given lethal injections is good tv? #FuckMaga",2025-09-18T17:08:29.707Z,stonrbeardad.bsky.social,did:plc:xcwyk5kvncg5lj7ejkttw2q2,homeless,,,session_20250918_130453,2025-09-18T17:09:45.246900+00:00,en,ston'rbeardadüíöüè≥Ô∏è‚Äçüåà,"Gay Latino bear, 58, witch, dog & cat dad, perv, anti-trumper üåÆüç∫üçπ",3769,2816,40101,False,2024-11-08T20:04:36.378Z,https://cdn.bsky.app/img/avatar/plain/did:plc:xcwyk5kvncg5lj7ejkttw2q2/bafkreih4oxrfnf3sihjz34mononcauw7wasp252hy7pslqmw5tslthbnvm@jpeg,https://cdn.bsky.app/img/banner/plain/did:plc:xcwyk5kvncg5lj7ejkttw2q2/bafkreigj46on3ayiumijf3vzhl2w5iyadn5qvkmtesr2r3fkj4gzlqafuq@jpeg,2025-09-18T17:09:45.246693+00:00,313,128.1182108626198,1.3384232954545454,36.23,35,214,1,0,0,['#FuckMaga'],[],[],False,False,False,0,False,2025-09-18T17:09:45.246860+00:00,,,,
