uri,cid,text,created_at,author_handle,author_did,keyword,session_name,collected_at,lang,author_display_name,author_description,author_followers_count,author_following_count,author_posts_count,author_verified,author_created_at,author_avatar,author_banner,author_profile_fetched_at,author_account_age_days,author_posts_per_day,author_follower_following_ratio,author_influence_score,word_count,char_count,hashtag_count,mention_count,url_count,hashtags,mentions,urls,has_images,has_external_link,has_media,emotion_score,is_reply,content_analyzed_at
at://did:plc:ob3lvrguhpdb3ltucncxlwwo/app.bsky.feed.post/3lz46qpevas26,bafyreid6ljdd6r3uwon6p2eicbkdli5pve3v253f2l7muw5tffwbe5nbsa,"Why Jimmy Kimmel was fired. 

www.instagram.com/reel/DOui_Th...",2025-09-18T10:54:27.827Z,paulwalker44.bsky.social,did:plc:ob3lvrguhpdb3ltucncxlwwo,unemployment,session_20250918_065442,2025-09-18T10:55:19.733425+00:00,en,üí¢Marx was right.üïä,"‚ÄúThe goal of Marxism is not to predict the future, but to understand and change the world.‚Äù -AG 

Mutual Aid, i feed the homeless. 

Listen to Fred : https://youtu.be/tF7_2VckKNQ?si=WruDzLJjKbNB9H3e
Read theory : https://www.marxists.org

üáµüá∏‚úåüèºBA History",21974,26539,57902,False,2024-01-04T01:35:32.015Z,https://cdn.bsky.app/img/avatar/plain/did:plc:ob3lvrguhpdb3ltucncxlwwo/bafkreict2wmd2s3prla3hhkea3mxxkacxe6yb7cnx7qoal7jkggyhmxzie@jpeg,https://cdn.bsky.app/img/banner/plain/did:plc:ob3lvrguhpdb3ltucncxlwwo/bafkreibmhzbst5ruwzvls54iyqdpybb7dxhzrzsuucu5upjpqjnfmixazq@jpeg,2025-09-18T10:55:19.733337+00:00,623,92.9406099518459,0.827988997324692,45.32,6,63,0,0,0,[],[],[],True,False,True,0,False,2025-09-18T10:55:19.733404+00:00
at://did:plc:7p2pzwjl6x7xa6mzxtnqyhy5/app.bsky.feed.post/3lz46rphtkk23,bafyreihxw5fsrmxtzcrvf3y4vkpd4nbe7guei5wqnw6bwhc2ofyt7wmlt4,"@msnbc.com covered the story about ABC stopping the Jimmy Kimmel show.

Yes ... the network that fired Matthew Dowd for his comments about Kirk's shooter is being critical of another network that fired someone for comments made about Kirk's shooter.  

Hypocrisy knows no bounds.",2025-09-18T10:55:01.482Z,jimsamuel.com,did:plc:7p2pzwjl6x7xa6mzxtnqyhy5,unemployment,session_20250918_065442,2025-09-18T10:55:15.475508+00:00,en,Jim Samuel,"
",1061,208,5518,False,2024-11-11T00:13:13.081Z,https://cdn.bsky.app/img/avatar/plain/did:plc:7p2pzwjl6x7xa6mzxtnqyhy5/bafkreib2u7hqfug47mx74ntylwdqm2o4koyikarypejtceg6pzje5carbi@jpeg,https://cdn.bsky.app/img/banner/plain/did:plc:7p2pzwjl6x7xa6mzxtnqyhy5/bafkreiaykvbrq666wlpwcxtukpheolnscdzhossqtjf62fzq7ryj26u7e4@jpeg,2025-09-18T10:55:15.475396+00:00,311,17.742765273311896,5.100961538461538,31.22,44,279,0,1,0,[],['@msnbc.com'],[],False,False,False,0,False,2025-09-18T10:55:15.475482+00:00
at://did:plc:ewifwsmj7uqgbtajlqdaq2hd/app.bsky.feed.post/3lz46spb77s2d,bafyreifvc2kxalh74ukoijxewelr4s7p54fvktfuzliyjnlf3gzhvmh22e,"So, in order to get an illegal monopoly approved by the FCC, ABC fired Jimmy Kimmel?",2025-09-18T10:55:34.820Z,thethew.bsky.social,did:plc:ewifwsmj7uqgbtajlqdaq2hd,unemployment,session_20250918_065442,2025-09-18T10:56:04.339199+00:00,en,GayGuy,"Standing up for my community.

Not all gay people are the same, nor do they think the same. Think for yourself.

MASSIVELY anti-Amazon

-Influencer is a curse word.",452,306,7629,False,2024-01-04T16:03:04.054Z,https://cdn.bsky.app/img/avatar/plain/did:plc:ewifwsmj7uqgbtajlqdaq2hd/bafkreifjovtmjbjfzg4ggra6mu2jdfhgb3dbdpntc32f4qa4pr7zq5qwrq@jpeg,https://cdn.bsky.app/img/banner/plain/did:plc:ewifwsmj7uqgbtajlqdaq2hd/bafkreihsnvfy65azya2kozp5uik5bi2ebdwirxjthpnyhtn6summmxmlay@jpeg,2025-09-18T10:56:04.339009+00:00,622,12.265273311897106,1.477124183006536,26.86,16,84,0,0,0,[],[],[],False,False,False,0,False,2025-09-18T10:56:04.339158+00:00
at://did:plc:lt53m5tteu7oq3zkvmsmvuun/app.bsky.feed.post/3lz46svnxxc2h,bafyreidaotftvet7mxw7z7mwpcioehpuweim3ltnvm6huca4oq6v6nx27q,"Also:
the American gestapo is demanding to see brown people's papers
Black unemployment is near 8%
Wage increases have stalled
Job growth has stalled
New grads can't find a job
Manufacturing is cratering
Farmers are going bankrupt
Comedians are being canceled
The Epstein Files haven't been released",2025-09-18T10:55:41.529Z,realworldrj.bsky.social,did:plc:lt53m5tteu7oq3zkvmsmvuun,unemployment,session_20250918_065442,2025-09-18T10:56:13.875033+00:00,en,*it* is happening here,"I am here primarily to hate on the Giant Orange Shithead, President Stephen Miller von Goebbels, Couchfucker, Elon & the DOGE Nazi Youth, Leonard Leo, MAGA, and Leonard‚Äôs corrupt assholes on the supreme court",1446,549,21012,False,2024-11-20T11:51:27.369Z,https://cdn.bsky.app/img/avatar/plain/did:plc:lt53m5tteu7oq3zkvmsmvuun/bafkreigfihpsucppjpck2twjftftfbrwbicdpfzdqaqa6bcilgrkqlx72i@jpeg,,2025-09-18T10:56:13.874821+00:00,301,69.80730897009967,2.633879781420765,31.95,47,299,0,0,0,[],[],[],False,False,False,0,False,2025-09-18T10:56:13.874986+00:00
at://did:plc:ozdcoyczbgdx62gdntot67rt/app.bsky.feed.post/3lz46t5okvc2n,bafyreidnwpm2mai2b6e4yeybhijpim6w3bamra7jkmaxr2myw3o6m7nnqa,"Until the Supreme Court rules that multi member board are unconstitutional, it is the law of the land that their members can not be fired by the president. He fired a member. That is illegal. If SCOTUS changes the rules for Trump then it will not be illegal. But until then, SCOTUS are allowing it.",2025-09-18T10:55:49.937Z,harywilke.bsky.social,did:plc:ozdcoyczbgdx62gdntot67rt,unemployment,session_20250918_065442,2025-09-18T10:56:24.858093+00:00,en,,,243,62,537,False,2024-11-12T15:11:48.212Z,https://cdn.bsky.app/img/avatar/plain/did:plc:ozdcoyczbgdx62gdntot67rt/bafkreifjzijsvv6evg2ivtfa7xui2j3zdauj4rc7duau2lw3h5cgjecyja@jpeg,,2025-09-18T10:56:24.857894+00:00,309,1.7378640776699028,3.9193548387096775,26.14,55,298,0,0,0,[],[],[],False,False,False,0,True,2025-09-18T10:56:24.858049+00:00
at://did:plc:ggl3xsbrjtolfrqlyfguuhhn/app.bsky.feed.post/3lz46t5xynk2x,bafyreifkqqfui4jgas4hi7j2mgqv7avgdma24vx3vj3ffg7vux4kvtemmq,"you so much as give the most tepid criticism of Kirk on air and you'll be summarily fired. people have lost their jobs for merely reposting Kirk's own words without comment.

but be jokey about the fishermen you drone striked and it's nothing but smiles and glee.",2025-09-18T10:55:50.247Z,mythicalredfox.bsky.social,did:plc:ggl3xsbrjtolfrqlyfguuhhn,unemployment,session_20250918_065442,2025-09-18T10:56:24.537467+00:00,en,Mythic ü¶ä,"Twitch Streamer | Urbanist | Retro Tech Nerd | He/They | 26 | BLM | üÜì üáµüá∏ | üåπ | üè≥Ô∏è‚Äçüåà | üíç/open | From MDüá∫üá∏, in ON üá®üá¶ | üîû | https://msha.ke/mythicalredfox",786,807,813,False,2023-07-13T04:53:24.469Z,https://cdn.bsky.app/img/avatar/plain/did:plc:ggl3xsbrjtolfrqlyfguuhhn/bafkreifk2b3zo4nsys7pdk6iv7vv5ffhqkaykbycmd5rj3wlkogksk5j4e@jpeg,https://cdn.bsky.app/img/banner/plain/did:plc:ggl3xsbrjtolfrqlyfguuhhn/bafkreicpxee4sgucq7w3uhzokyisvyg3gq2b5jcms3wjohmm3gsrpi2rie@jpeg,2025-09-18T10:56:24.537260+00:00,798,1.018796992481203,0.9739776951672863,33.79,47,263,0,0,0,[],[],[],False,False,False,0,True,2025-09-18T10:56:24.537423+00:00
at://did:plc:uuamzg2kzizwn3ggoya7pdo5/app.bsky.feed.post/3lz46thihss2z,bafyreidrsrhw3cbuxghcc2qkii76cyobey5e72va2o3nr4rqbtdqcxsbrm,Yesterday was weird Donald Trump really just used his DUI hire cronies to get Jimmy Kimmel fired.,2025-09-18T10:56:00.178Z,keithwhite832.bsky.social,did:plc:uuamzg2kzizwn3ggoya7pdo5,unemployment,session_20250918_065442,2025-09-18T10:56:38.353999+00:00,en,Keith White,"HTX Age 43, a huge sports fan, political nerd, Anti Trump, Anti Racist, pro freedom, pro women's rights and pro porn at times. #BLM #BIPOC African American, Native American and Afro Latino. x.com/keithwhite346",24967,74121,8695,False,2025-03-16T14:26:45.944Z,https://cdn.bsky.app/img/avatar/plain/did:plc:uuamzg2kzizwn3ggoya7pdo5/bafkreigjnrptbbnrvku3hhswk7b63x7n3xmpml3uxwjzurzvkwtljp5aiy@jpeg,,2025-09-18T10:56:38.353832+00:00,185,47.0,0.3368411111560826,58.33,17,97,0,0,0,[],[],[],False,False,False,0,False,2025-09-18T10:56:38.353957+00:00
at://did:plc:glkhstcszb4zvbdykst6nglj/app.bsky.feed.post/3lz46tth4wk2o,bafyreidwkhkxxphwp6cyrmrppy7w77mfuy2ys6hq5t62gvyp33fwvqhdjy,"But you KNOW that that has ZERO relation to why Kimmel was fired, so who's guilty of spreading disinfomation now? That would be you.",2025-09-18T10:56:12.763Z,signfire.bsky.social,did:plc:glkhstcszb4zvbdykst6nglj,unemployment,session_20250918_065442,2025-09-18T10:56:57.010187+00:00,en,SignFire - J.D. Terrill,"Writer, Artist, Photographer, News Editor, Graphic Designer, #TrueCrime Stakeholder & podcast connoisseur,  Fentanyl Widower & Single Cat Daddy.

The Category Is: Strictly Dickly

ADHD and Buddhist when I can remember to be.

#AlphaSnowflake",531,482,2019,False,2024-11-13T07:19:12.681Z,https://cdn.bsky.app/img/avatar/plain/did:plc:glkhstcszb4zvbdykst6nglj/bafkreif7xdzhdqsj7jzyqurznrang2foynfqm4gqamhfazqasjspddpgua@jpeg,https://cdn.bsky.app/img/banner/plain/did:plc:glkhstcszb4zvbdykst6nglj/bafkreigbyb4bymxmsbj6f65mvrdg44n2f5fq3wilganjx56w7wsrkxv2f4@jpeg,2025-09-18T10:56:57.009990+00:00,309,6.533980582524272,1.1016597510373445,28.57,24,132,0,0,0,[],[],[],False,False,False,0,True,2025-09-18T10:56:57.010143+00:00
at://did:plc:cmx6tp7hey6g7kpzmlcsigs2/app.bsky.feed.post/3lz46uu6ngs2f,bafyreihy3ikhqptxfi5shi4vg6oico32lc2xqbztbq5osrykb4gnlz2ape,"Forgive me as I've spent this morning painting my landing and stairway, but @mrjamesob.bsky.social has been nailing the descent into authoritarianism in the USA today. He has also repeated the line that when America sneezes we get a cold. A Reform government will get James O'Brien fired.",2025-09-18T10:56:47.086Z,abitpolitical.bsky.social,did:plc:cmx6tp7hey6g7kpzmlcsigs2,unemployment,session_20250918_065442,2025-09-18T10:57:39.248780+00:00,en,A Bit Political,"Centre Left, pro-science, LQBTQI friendly, anti-fascist. Views are my own. He/Him.",631,1260,3412,False,2024-11-20T00:14:44.770Z,https://cdn.bsky.app/img/avatar/plain/did:plc:cmx6tp7hey6g7kpzmlcsigs2/bafkreifuy4hghwkxywca5amk7ppbwoc5jp63gsiveq7t47vojuh6yb7lrm@jpeg,,2025-09-18T10:57:39.248636+00:00,302,11.298013245033113,0.5007936507936508,28.93,47,288,0,1,0,[],['@mrjamesob.bsky.social'],[],False,False,False,0,False,2025-09-18T10:57:39.248750+00:00
at://did:plc:utt3yhkbtvzemxdyd3jjvi57/app.bsky.feed.post/3lz46uugig226,bafyreibm5oxvk7mv4xtt224m6zv2yko3cpsunrhzlxxq5ejxqefdoir6ke,"Ah, putz, √© que eu troquei pro neocities depois do meu layoff!
padi.neocities.org!",2025-09-18T10:56:47.345Z,patriciaverso.com.br,did:plc:utt3yhkbtvzemxdyd3jjvi57,unemployment,session_20250918_065442,2025-09-18T10:57:37.332110+00:00,en,Pad√≠ - Elemental da Lux√∫ria,"Nome provis√≥rio
G√™nero provis√≥rio
Profiss√£o provis√≥ria
Exist√™ncia provis√≥ria

""Sou humano e nada do que √© humano me √© estranho.""

Casamenteira da Vila Azul

https://padi.neocities.org/
https://soundcloud.com/patriciaverso/",532,471,7910,False,2023-07-26T17:23:22.673Z,https://cdn.bsky.app/img/avatar/plain/did:plc:utt3yhkbtvzemxdyd3jjvi57/bafkreigyi7ch4ih62yjtziue3f7ozsf27igg57gkm6hggnm2wa4zm43lki@jpeg,https://cdn.bsky.app/img/banner/plain/did:plc:utt3yhkbtvzemxdyd3jjvi57/bafkreifwcqptvu7g576fzvufpvghebivk23hp3gsbm4ehdrtsp2s6gd5du@jpeg,2025-09-18T10:57:37.331888+00:00,784,10.089285714285714,1.129511677282378,27.6,13,82,0,0,0,[],[],[],False,False,False,0,True,2025-09-18T10:57:37.332066+00:00
at://did:plc:uiig74et5u2hbmg6jm42h5ir/app.bsky.feed.post/3lz46uz6xd22f,bafyreigpz6cge7bvzz3kvdsm4pfw2vyisuhenedpxewxbf4kpqz2sz6gei,"Im here , looking for honest debate 

You are not what I was hoping to run into because you're ignoring some pretty important facts 

Your rhetoric is the reason charlie is dead , 

Almost as hilarious as Jimmy Kimmel getting fired by ABC and blaming Trump and Maga",2025-09-18T10:56:52.338Z,bellyacres.bsky.social,did:plc:uiig74et5u2hbmg6jm42h5ir,unemployment,session_20250918_065442,2025-09-18T10:57:42.800397+00:00,en,,"Moderate  ex democrat, LEO and veteran , pro 2a,1a,5a,

I know I have the right to remain  silent but this is a free speech platform  right?......right?",85,33,3770,False,2025-03-17T13:51:57.245Z,https://cdn.bsky.app/img/avatar/plain/did:plc:uiig74et5u2hbmg6jm42h5ir/bafkreibqz4mtu3me37bf2ubjmdiiho7b7lbgrljmpue3442bziwzhs43zy@jpeg,,2025-09-18T10:57:42.800142+00:00,184,20.48913043478261,2.5757575757575757,19.46,48,265,0,0,0,[],[],[],False,False,False,0,True,2025-09-18T10:57:42.800341+00:00
at://did:plc:xnqobtkkc7ovqjl7us2dtbxi/app.bsky.feed.post/3lz46vrosdc2d,bafyreidmrkeoe2elwctf25dvdwycmtlykdc2wozmntu54zctd4vnmbkm5u,"A fatal flaw of authoritarians is that because they lack the capacity for empathy, they don‚Äôt understand how people work and so keep screwing up their own plans. For instance, getting a guy fired for fairly innocuous criticism of you just draws everyone‚Äôs attention to it and makes people defiant.",2025-09-18T10:57:18.026Z,seeyouinnj.bsky.social,did:plc:xnqobtkkc7ovqjl7us2dtbxi,unemployment,session_20250918_065442,2025-09-18T10:58:18.138789+00:00,en,Chris Fredda ü©∑üíúüíô,"He/Him ü©∑üíúüíô, Partnered üè≥Ô∏è‚Äçüåà, Central NJ",6104,1787,11893,False,2023-05-11T23:03:20.546Z,https://cdn.bsky.app/img/avatar/plain/did:plc:xnqobtkkc7ovqjl7us2dtbxi/bafkreihyxqn4xt35nstsdxqv2ht5tysjzr3skq2r7igs7afz4kjaqwdozi@jpeg,https://cdn.bsky.app/img/banner/plain/did:plc:xnqobtkkc7ovqjl7us2dtbxi/bafkreia4g2tlzgol2bcmk2gvfpoqgxooq2xxnddbiyhe2zkd2yhobsrhzq@jpeg,2025-09-18T10:58:18.138571+00:00,860,13.82906976744186,3.4157806379406828,40.42,50,297,0,0,0,[],[],[],False,False,False,0,False,2025-09-18T10:58:18.138742+00:00
at://did:plc:xnqobtkkc7ovqjl7us2dtbxi/app.bsky.feed.post/3lz46vrp62c2d,bafyreih32rlyq63avyl2qf4bautojsadevxeqwieh7yzg7ld2anoublrgu,"A fatal flaw of authoritarians is that because they lack the capacity for empathy, they don‚Äôt understand how people work and so keep screwing up their own plans. For instance, getting a guy fired for fairly innocuous criticism of you just draws everyone‚Äôs attention to it and makes people defiant.",2025-09-18T10:57:18.026Z,seeyouinnj.bsky.social,did:plc:xnqobtkkc7ovqjl7us2dtbxi,unemployment,session_20250918_065442,2025-09-18T10:58:18.139840+00:00,en,Chris Fredda ü©∑üíúüíô,"He/Him ü©∑üíúüíô, Partnered üè≥Ô∏è‚Äçüåà, Central NJ",6104,1787,11893,False,2023-05-11T23:03:20.546Z,https://cdn.bsky.app/img/avatar/plain/did:plc:xnqobtkkc7ovqjl7us2dtbxi/bafkreihyxqn4xt35nstsdxqv2ht5tysjzr3skq2r7igs7afz4kjaqwdozi@jpeg,https://cdn.bsky.app/img/banner/plain/did:plc:xnqobtkkc7ovqjl7us2dtbxi/bafkreia4g2tlzgol2bcmk2gvfpoqgxooq2xxnddbiyhe2zkd2yhobsrhzq@jpeg,2025-09-18T10:58:18.138571+00:00,860,13.82906976744186,3.4157806379406828,40.42,50,297,0,0,0,[],[],[],False,False,False,0,False,2025-09-18T10:58:18.139822+00:00
at://did:plc:xnqobtkkc7ovqjl7us2dtbxi/app.bsky.feed.post/3lz46vrp7ys2d,bafyreiglr2srsnxomikielepyjyh2xvke552yhzangfkclbf5prxmuqjcu,"A fatal flaw of authoritarians is that because they lack the capacity for empathy, they don‚Äôt understand how people work and so keep screwing up their own plans. For instance, getting a guy fired for fairly innocuous criticism of you just draws everyone‚Äôs attention to it and makes people defiant.",2025-09-18T10:57:18.026Z,seeyouinnj.bsky.social,did:plc:xnqobtkkc7ovqjl7us2dtbxi,unemployment,session_20250918_065442,2025-09-18T10:58:18.140642+00:00,en,Chris Fredda ü©∑üíúüíô,"He/Him ü©∑üíúüíô, Partnered üè≥Ô∏è‚Äçüåà, Central NJ",6104,1787,11893,False,2023-05-11T23:03:20.546Z,https://cdn.bsky.app/img/avatar/plain/did:plc:xnqobtkkc7ovqjl7us2dtbxi/bafkreihyxqn4xt35nstsdxqv2ht5tysjzr3skq2r7igs7afz4kjaqwdozi@jpeg,https://cdn.bsky.app/img/banner/plain/did:plc:xnqobtkkc7ovqjl7us2dtbxi/bafkreia4g2tlzgol2bcmk2gvfpoqgxooq2xxnddbiyhe2zkd2yhobsrhzq@jpeg,2025-09-18T10:58:18.138571+00:00,860,13.82906976744186,3.4157806379406828,40.42,50,297,0,0,0,[],[],[],False,False,False,0,False,2025-09-18T10:58:18.140617+00:00
at://did:plc:xnqobtkkc7ovqjl7us2dtbxi/app.bsky.feed.post/3lz46vrpay22d,bafyreiafjwfto63hofvhkejnrodcvsgu5ov5supgic5iuf65yrat63qk7a,"A fatal flaw of authoritarians is that because they lack the capacity for empathy, they don‚Äôt understand how people work and so keep screwing up their own plans. For instance, getting a guy fired for fairly innocuous criticism of you just draws everyone‚Äôs attention to it and makes people defiant.",2025-09-18T10:57:18.026Z,seeyouinnj.bsky.social,did:plc:xnqobtkkc7ovqjl7us2dtbxi,unemployment,session_20250918_065442,2025-09-18T10:58:18.141188+00:00,en,Chris Fredda ü©∑üíúüíô,"He/Him ü©∑üíúüíô, Partnered üè≥Ô∏è‚Äçüåà, Central NJ",6104,1787,11893,False,2023-05-11T23:03:20.546Z,https://cdn.bsky.app/img/avatar/plain/did:plc:xnqobtkkc7ovqjl7us2dtbxi/bafkreihyxqn4xt35nstsdxqv2ht5tysjzr3skq2r7igs7afz4kjaqwdozi@jpeg,https://cdn.bsky.app/img/banner/plain/did:plc:xnqobtkkc7ovqjl7us2dtbxi/bafkreia4g2tlzgol2bcmk2gvfpoqgxooq2xxnddbiyhe2zkd2yhobsrhzq@jpeg,2025-09-18T10:58:18.138571+00:00,860,13.82906976744186,3.4157806379406828,40.42,50,297,0,0,0,[],[],[],False,False,False,0,False,2025-09-18T10:58:18.141176+00:00
at://did:plc:xnqobtkkc7ovqjl7us2dtbxi/app.bsky.feed.post/3lz46vrpbxc2d,bafyreih2nogeanjrynvrtc3l4bkpf75jtliex44cicfp6nv2empuh6uzqy,"A fatal flaw of authoritarians is that because they lack the capacity for empathy, they don‚Äôt understand how people work and so keep screwing up their own plans. For instance, getting a guy fired for fairly innocuous criticism of you just draws everyone‚Äôs attention to it and makes people defiant.",2025-09-18T10:57:18.026Z,seeyouinnj.bsky.social,did:plc:xnqobtkkc7ovqjl7us2dtbxi,unemployment,session_20250918_065442,2025-09-18T10:58:18.141671+00:00,en,Chris Fredda ü©∑üíúüíô,"He/Him ü©∑üíúüíô, Partnered üè≥Ô∏è‚Äçüåà, Central NJ",6104,1787,11893,False,2023-05-11T23:03:20.546Z,https://cdn.bsky.app/img/avatar/plain/did:plc:xnqobtkkc7ovqjl7us2dtbxi/bafkreihyxqn4xt35nstsdxqv2ht5tysjzr3skq2r7igs7afz4kjaqwdozi@jpeg,https://cdn.bsky.app/img/banner/plain/did:plc:xnqobtkkc7ovqjl7us2dtbxi/bafkreia4g2tlzgol2bcmk2gvfpoqgxooq2xxnddbiyhe2zkd2yhobsrhzq@jpeg,2025-09-18T10:58:18.138571+00:00,860,13.82906976744186,3.4157806379406828,40.42,50,297,0,0,0,[],[],[],False,False,False,0,False,2025-09-18T10:58:18.141661+00:00
at://did:plc:nkr4utzeyool7chks2fft4l2/app.bsky.feed.post/3lz46vw25cs24,bafyreicvjgwgvqivbzzfrt4lw64ucjdqzqmrqnovx5m5jjacawteocnwni,Every time you talk about this do not bring up Charlie Kirk‚Äôs name that is not why he was fired. Trump said in July he was going to get rid of Jimmy Kimmel. This is Trump. This is the FCC. This is about squashing anyone against his tyrannical policies.,2025-09-18T10:57:22.590Z,lionsgirl34769.bsky.social,did:plc:nkr4utzeyool7chks2fft4l2,unemployment,session_20250918_065442,2025-09-18T10:58:25.417865+00:00,en,Heart of Blue,"I believe in science, vaccines, evolution, minding my own business, a human right to dignity, healthcare and a living wage. Left twitter but still like to connect. No dm please",1456,941,1325,False,2024-12-12T23:59:45.643Z,https://cdn.bsky.app/img/avatar/plain/did:plc:nkr4utzeyool7chks2fft4l2/bafkreigtktk3jzcfupei6aipgcebxhbqnhpv5u5adarfdiaa7hcmuwi3ku@jpeg,,2025-09-18T10:58:25.417719+00:00,279,4.749103942652329,1.5472901168969182,37.13,49,252,0,0,0,[],[],[],False,False,False,0,False,2025-09-18T10:58:25.417834+00:00
at://did:plc:6stn2moj2qhl5sh6n7hfkcji/app.bsky.feed.post/3lz46wsz2h22v,bafyreien62lyoh4b3l4mmtbgugxd4cczit5lxqwc56f2yxew4jorpbseuq,"‚ÄòGeneral Hospital‚Äô Star Ingo Rademacher Fired for Refusing Vaccine, Faces Backlash for Transphobic Post. Lets be clear it is was the employer DISNEY/ABC/GH and Biden was president.

The entertainment industry & actors are historically known for free speech for them, not for you.

Exactly this.",2025-09-18T10:57:52.964Z,plumbird60.bsky.social,did:plc:6stn2moj2qhl5sh6n7hfkcji,unemployment,session_20250918_065442,2025-09-18T10:59:06.239040+00:00,en,,,1,4,62,False,2025-09-12T11:47:17.298Z,https://cdn.bsky.app/img/avatar/plain/did:plc:6stn2moj2qhl5sh6n7hfkcji/bafkreigq52maslfq6nqnvwtdxd3t5cvzeyhhk5scnbpmjchvxk7zxw6uji@jpeg,,2025-09-18T10:59:06.238743+00:00,5,12.4,0.25,3.09,45,294,0,0,0,[],[],[],False,False,False,0,True,2025-09-18T10:59:06.238995+00:00
at://did:plc:3nr6xglgmnxytqn65auvzqeh/app.bsky.feed.post/3lz46xuarj22s,bafyreiawgiso3p7fyuos7iyb443geya5btbbqtlp7gzqyr2wujyoozg2yi,91k job loss,2025-09-18T10:58:27.820Z,jmayday.bsky.social,did:plc:3nr6xglgmnxytqn65auvzqeh,unemployment,session_20250918_065442,2025-09-18T10:59:46.318198+00:00,en,Jim Mayer,"Raised by wolves.  I value interdependence and loyalty.  Work‚Äôn on being better everyday. Plant powered athlete.

‚ÄúThere is no bad pizza, only better pizza.‚Äù",1187,945,1524,False,2024-11-16T12:14:14.478Z,https://cdn.bsky.app/img/avatar/plain/did:plc:3nr6xglgmnxytqn65auvzqeh/bafkreieumph2s4mhi7ce4dpgeraui6dlexjmuratmxthwoik5geovkgijy@jpeg,https://cdn.bsky.app/img/banner/plain/did:plc:3nr6xglgmnxytqn65auvzqeh/bafkreiaoyoemmbkhfpyvccymyynxi53cjvhbf25fevb2ueo5xnfpxp25wi@jpeg,2025-09-18T10:59:46.318005+00:00,305,4.99672131147541,1.2560846560846561,34.64,3,12,0,0,0,[],[],[],False,False,False,0,True,2025-09-18T10:59:46.318155+00:00
at://did:plc:eudu43jtzn75egnhcgugrsoj/app.bsky.feed.post/3lz46yb652c24,bafyreigcwbpcjd22szpudm4lh2uugbgne4ds3fvzop7lsgqeljac3xbbfe,"I agree. It does feel like Republicans didn‚Äôt figure out how to do the online version until like 2020/2021 but that isn‚Äôt why it was assigned a left wing valence.

Generally, trying to get people fired or shunned because they did something you find offensive is as old as groups of people, probably.",2025-09-18T10:58:41.365Z,csilverandgold.bsky.social,did:plc:eudu43jtzn75egnhcgugrsoj,unemployment,session_20250918_065442,2025-09-18T11:00:00.062374+00:00,en,Le Wokisme? or La Botte?,"Don‚Äôt mind me just tracing the gyres. Talk about politics a lot but mostly want to talk about Stevie Wonder and August Wilson. She stay in the hills, he stay in Atlanta, I pay for them both.",6497,1576,20248,False,2023-05-06T04:31:42.764Z,https://cdn.bsky.app/img/avatar/plain/did:plc:eudu43jtzn75egnhcgugrsoj/bafkreiaamddr5eaxm3rozdawffqutbcenask57kcytelbminiiec3yubbi@jpeg,https://cdn.bsky.app/img/banner/plain/did:plc:eudu43jtzn75egnhcgugrsoj/bafkreihztqgmv7ablfwtmxf7b4zsxo2ilrpeufs5ba5wyy4pilfz5jsqmm@jpeg,2025-09-18T11:00:00.062176+00:00,866,23.381062355658198,4.12246192893401,39.73,53,299,0,0,0,[],[],[],False,False,False,0,True,2025-09-18T11:00:00.062339+00:00
at://did:plc:pmzt2pqjbl5xtz4wo3qbgr4p/app.bsky.feed.post/3lz46ybutmc2j,bafyreiei42im3jpdarxxy57qskkwh5spchjvyrltysrbmobpylxb3sy2ku,"BYE Jimmy. 

You‚Äôre FIRED!!! üòÇü§£üòÇü§£üòÇü§£üòÇü§£üòÇü§£üòÇü§£üòÇ

#MAGA",2025-09-18T10:58:42.108Z,morning-breath.bsky.social,did:plc:pmzt2pqjbl5xtz4wo3qbgr4p,unemployment,session_20250918_065442,2025-09-18T11:00:02.003639+00:00,en,Morning Breath,We have arrived. ,43,19,149,False,2024-11-22T12:30:14.953Z,https://cdn.bsky.app/img/avatar/plain/did:plc:pmzt2pqjbl5xtz4wo3qbgr4p/bafkreietyadf3nm2p453miwbwtqfwh7qvcspzslikmrtc5dvfnqmnj7dz4@jpeg,https://cdn.bsky.app/img/banner/plain/did:plc:pmzt2pqjbl5xtz4wo3qbgr4p/bafkreiagfa72efwfnhjffp2n7u3722jruc6djzwnluaurf5brjx2hqin54@jpeg,2025-09-18T11:00:02.003438+00:00,299,0.4983277591973244,2.263157894736842,17.88,6,49,1,0,0,['#MAGA'],[],[],False,False,False,0,True,2025-09-18T11:00:02.003596+00:00
at://did:plc:brqu26ffjkshsh3hcocdpvlg/app.bsky.feed.post/3lz4chpxrue2d,bafyreigs6ogviahc7nv5a6rw2v2wrttjk73j4ohigbhjofoiirpkaek2fy,"Federal Workers from across the government have organized this summer to send letters of dissent to their agency leadership. In retaliation, some have been placed on administrative leave, some have been fired, and others have had to file for whistleblower protections.
1/2",2025-09-18T12:01:00.000Z,rebelfema.altgov.info,did:plc:brqu26ffjkshsh3hcocdpvlg,unemployment,comprehensive_30min,2025-09-18T12:01:12.946230+00:00,en,RebelFema,"A couple of emergency managers resisting harmful policies, fighting disinfo & defending FEMA from within.

Not official FEMA

Proudly #AltGov
FEMA Employees or Tips? signal RebelFema.99 or DM

Views are our own.",8228,424,2589,False,2025-04-27T16:36:18.676Z,https://cdn.bsky.app/img/avatar/plain/did:plc:brqu26ffjkshsh3hcocdpvlg/bafkreiem7cpaf2jm7brapbbzmi25ketzdyfj5dydtc2b4bx5vpguir2oia@jpeg,https://cdn.bsky.app/img/banner/plain/did:plc:brqu26ffjkshsh3hcocdpvlg/bafkreigdn2xkqasslv2wz5f7iwyayexyuaejag576dbaaye6x6qmnv4m2a@jpeg,2025-09-18T12:01:12.946076+00:00,143,18.104895104895103,19.40566037735849,55.04,42,272,0,0,0,[],[],[],True,False,True,0,False,2025-09-18T12:01:12.946198+00:00
at://did:plc:3ejafpch43tyjkbka3m7l7r6/app.bsky.feed.post/3lz4ci6uj7c2j,bafyreia6r2d3xbcur5dvtotyxiueyrkxub5xiuje3ry6pvk6dkndkaf75u,They fired him because the FCC was going to take away their license and if they didn‚Äôt because Trump told the FCC chair to get Jimmy Kimmel fired,2025-09-18T12:01:17.050Z,lee7189.bsky.social,did:plc:3ejafpch43tyjkbka3m7l7r6,unemployment,comprehensive_30min,2025-09-18T12:01:51.946723+00:00,en,,"A stranger is just a friend you haven‚Äôt met yet.  Remember to Smile, not everyone know what going on with you. Not there fault.üòäüòâüß°üíúüíõ‚ô•Ô∏è",26,10,48,False,2025-02-17T07:26:09.245Z,https://cdn.bsky.app/img/avatar/plain/did:plc:3ejafpch43tyjkbka3m7l7r6/bafkreiaa6dluofzwtfgi6gy5tq2ay3w6tgldiyfpajdl3kuwuspk5jflbq@jpeg,,2025-09-18T12:01:51.946499+00:00,213,0.22535211267605634,2.6,17.02,28,145,0,0,0,[],[],[],False,False,False,0,True,2025-09-18T12:01:51.946679+00:00
at://did:plc:2wwz64hkfrhljlat3zcoubp7/app.bsky.feed.post/3lz4cieqrtp22,bafyreigcm7ozyysuxllogqqpp224ob2muoveaua6modtpklim362sgilhu,"Vaccines Are at Risk, Fired CDC Director Warns Senators #Science #HealthandMedicine #PublicHealth #Vaccines #CDC",2025-09-18T12:01:21.054Z,purescience.news,did:plc:2wwz64hkfrhljlat3zcoubp7,unemployment,comprehensive_30min,2025-09-18T12:02:12.655028+00:00,en,Pure Science,"All the #science #news you can handle in a single feed without commentary or spam.  Pure, unadulterated science.
See more articles @ https://purescience.news",749,4,19372,False,2024-08-30T14:34:11.935Z,https://cdn.bsky.app/img/avatar/plain/did:plc:2wwz64hkfrhljlat3zcoubp7/bafkreictwomcgg57fyoqgxpgqnlmcjiscgb467ozmzbzrvwvdijpnuaatm@jpeg,https://cdn.bsky.app/img/banner/plain/did:plc:2wwz64hkfrhljlat3zcoubp7/bafkreidrh6p42l6kzxs7wupbel7kpa6pihjym76xw66xvrg4pwx4v6eaa4@jpeg,2025-09-18T12:02:12.654875+00:00,383,50.579634464751955,187.25,28.94,14,112,5,0,0,"['#Science', '#HealthandMedicine', '#PublicHealth', '#Vaccines', '#CDC']",[],[],False,True,True,0,False,2025-09-18T12:02:12.654997+00:00
at://did:plc:l2xcgxjdmumvcvrmfkbq2o3k/app.bsky.feed.post/3lz4cixgqf22f,bafyreiaeesbocbar4iqesbeheu2nncpyvl6mxaygmyc4kty4dl4yl3h7nm,"Kimmel could have said ""the sky is blue today"" and Trump's fascist enablers would have fired him for that.",2025-09-18T12:01:42.812Z,joshuabbb.bsky.social,did:plc:l2xcgxjdmumvcvrmfkbq2o3k,unemployment,comprehensive_30min,2025-09-18T12:02:53.957448+00:00,en,JoshuaB,,886,1658,820,False,2024-11-13T22:22:59.882Z,https://cdn.bsky.app/img/avatar/plain/did:plc:l2xcgxjdmumvcvrmfkbq2o3k/bafkreiflir762zpmzgmsnxkf5qvrb4ocxxbkz6a4cm7xpomz54zrpbutny@jpeg,,2025-09-18T12:02:53.957252+00:00,308,2.6623376623376624,0.53437876960193,34.88,19,106,0,0,0,[],[],[],False,False,False,0,True,2025-09-18T12:02:53.957410+00:00
at://did:plc:trz3juqdqgmms435asp4r7vd/app.bsky.feed.post/3lz4dgjnyvs24,bafyreie3pkimwu46h6vkgeuwjcxev7gsekpmuyjbqss5dsb3ngflbyyhti,"Good morning fascist America! 
RIP freedom of speech. 

America has fallen. Next up-SNL. 
Seth will be fired also. 
What weak ass network owners. 
#PINKS
#DemVoice1
#Voices4Victory",2025-09-18T12:18:14.992Z,wehearvoices.bsky.social,did:plc:trz3juqdqgmms435asp4r7vd,unemployment,append_test_20min,2025-09-18T12:18:31.840422+00:00,en,Jlou,"Liberal AF
Was a singer in a rock n roll band. 
Love more, hate less 
Marched for women‚Äôs rights in the 70‚Äôs. 
Free speech is not the same as paid speech. 
Hard Core Texas Democrat! #wtpBLUE #DemVoice1 #Voices4Victory
#Pinks",38109,34824,6939,False,2024-11-11T02:30:38.281Z,https://cdn.bsky.app/img/avatar/plain/did:plc:trz3juqdqgmms435asp4r7vd/bafkreialtoqw4w3g2ehh5u323osiofwjjvb5vgdjfdl42v25w5pv5y5lzi@jpeg,https://cdn.bsky.app/img/banner/plain/did:plc:trz3juqdqgmms435asp4r7vd/bafkreicck5xcwsa3bt5l6dahtyuwll2aczxzynvtlx4uq6u62f44ap556a@jpeg,2025-09-18T12:18:31.839884+00:00,311,22.311897106109324,1.0943314955203307,73.27,26,180,3,0,0,"['#PINKS', '#DemVoice1', '#Voices4Victory']",[],[],True,False,True,0,False,2025-09-18T12:18:31.840370+00:00
at://did:plc:5suszsvbjzjhxvw4zpm33jrk/app.bsky.feed.post/3lz4dgnhgnk2q,bafyreifednkz5p63cxhwccriw5mc6ai32uogy4g4wv76nzs7b5o2ezjiuy,Could you do me a favor and pull the WGA‚Äôs press releases from the dates when Disney fired Roseanne Barr and Gina Carano?,2025-09-18T12:18:18.981Z,pocketthefool.bsky.social,did:plc:5suszsvbjzjhxvw4zpm33jrk,unemployment,append_test_20min,2025-09-18T12:18:36.755702+00:00,en,Pocket the Fool,,16,5,164,False,2024-11-26T20:13:27.445Z,https://cdn.bsky.app/img/avatar/plain/did:plc:5suszsvbjzjhxvw4zpm33jrk/bafkreihzk75gafudaxmnxtpsfvke6kuahmq7fbgcnwioo6owilotd6mwra@jpeg,,2025-09-18T12:18:36.755508+00:00,295,0.5559322033898305,3.2,12.79,23,121,0,0,0,[],[],[],False,False,False,0,True,2025-09-18T12:18:36.755664+00:00
at://did:plc:3w2nj2jjalqepvhx4vzx2lgq/app.bsky.feed.post/3lz4dgz67ss2b,bafyreia65kqtekddpv7hbn5kr5k6wv4sme5leoqjt7lxjv5r3h5ygc4qii,"Here's what Kimmel actually said about the Kirk shooting, 7 days ago (9/11/2025).  He was fired for criticizing tRump plain and simple.  They wanted him out, they used leverage at the FCC to threaten ABC into doing this. This is a true case of suppression of free speech.",2025-09-18T12:18:31.264Z,whtrabbit.bsky.social,did:plc:3w2nj2jjalqepvhx4vzx2lgq,unemployment,append_test_20min,2025-09-18T12:19:11.912545+00:00,en,Carolyn,Leftie librarian gamer #genjones #resist #antimaga #antifascist,90,165,67,False,2024-11-13T16:14:47.177Z,https://cdn.bsky.app/img/avatar/plain/did:plc:3w2nj2jjalqepvhx4vzx2lgq/bafkreifa3zlevih55uhjv6etgwplyjtoz7ex6yflcqh6nkmmufxd7wswa4@jpeg,https://cdn.bsky.app/img/banner/plain/did:plc:3w2nj2jjalqepvhx4vzx2lgq/bafkreifchnpokjewk7yo5st6jm2yymlbvvz7ujm4ibyebcoj2st5ywapxq@jpeg,2025-09-18T12:19:11.912346+00:00,308,0.21753246753246752,0.5454545454545454,26.31,48,271,0,0,0,[],[],[],False,False,False,0,False,2025-09-18T12:19:11.912503+00:00
at://did:plc:q65ww3nro5luk52jy25tzasf/app.bsky.feed.post/3lz4dhb2zns2x,bafyreicy6arzskk7epxzclqqsykb6tfazi5siginmenvhak35i7np364zu,"It was not his comments. The president ordered him fired and they wanted their merger approved. Stop insulting your readers, assholes",2025-09-18T12:18:39.547Z,stauers.bsky.social,did:plc:q65ww3nro5luk52jy25tzasf,unemployment,append_test_20min,2025-09-18T12:19:31.829832+00:00,en,Stauers,Rock n Roller. Canadian boy. Sons of Each Other is the band I am in,400,577,1079,False,2023-07-27T15:18:35.648Z,https://cdn.bsky.app/img/avatar/plain/did:plc:q65ww3nro5luk52jy25tzasf/bafkreidzc4azcpg7f4pnhj77n7e57h4mpdflltdfsv425jdqswxt44meue@jpeg,https://cdn.bsky.app/img/banner/plain/did:plc:q65ww3nro5luk52jy25tzasf/bafkreiagkfcrigdx7nwmlg6rdx4frsk4f5jrxio2mp5swnwa4m3cjuhmbu@jpeg,2025-09-18T12:19:31.829677+00:00,783,1.3780332056194124,0.6932409012131716,27.89,21,133,0,0,0,[],[],[],False,False,False,0,True,2025-09-18T12:19:31.829800+00:00
at://did:plc:7hkppoiqyhj7dhd4fwro6hd5/app.bsky.feed.post/3lz4dhfr7d22d,bafyreibhfcf6pgb3ejtssuuwuw5ll73kmie73j6qgtefbos6ygnq5yhea4,"America has an official policy for how to mourn Charlie Kirk's death and if you do not comply you can be fired and/or face harassment from the government.  So much ""freedom"" happening in America now.",2025-09-18T12:18:44.469Z,misssassyisgood.bsky.social,did:plc:7hkppoiqyhj7dhd4fwro6hd5,unemployment,append_test_20min,2025-09-18T12:19:41.502893+00:00,en,Phineas is Tired,"Orange presidents and billionaires are bad for the working class.
America is just not much of a free country any more, is it?


",171,710,480,False,2024-11-11T22:33:08.408Z,https://cdn.bsky.app/img/avatar/plain/did:plc:7hkppoiqyhj7dhd4fwro6hd5/bafkreiefiivjstcsonosilzdrlhtodfiioqk4vuqu3p477a7oaadgdnba4@jpeg,https://cdn.bsky.app/img/banner/plain/did:plc:7hkppoiqyhj7dhd4fwro6hd5/bafkreihboj6dgcgj7grcz5p4hhstckd44is3ei3nwetemloe3fdgk4gwny@jpeg,2025-09-18T12:19:41.502774+00:00,310,1.5483870967741935,0.24084507042253522,24.14,35,199,0,0,0,[],[],[],False,False,False,0,False,2025-09-18T12:19:41.502863+00:00
at://did:plc:qciiqrttnp6zs5r7wrgloqar/app.bsky.feed.post/3lz4dhhdbuc2h,bafyreidapsnygxw4sky6audvdgqiijvg33defoj2tehu2lmb6jymsmpfze,"Bad day to be unemployed, goddamnit üòÇ",2025-09-18T12:18:46.110Z,xxrandomfrogxx.bsky.social,did:plc:qciiqrttnp6zs5r7wrgloqar,unemployment,append_test_20min,2025-09-18T12:19:44.245441+00:00,en,üåòüåóüåïüåìüåí,"‚ãÜ‚Å∫ÔΩ°Àö‚ãÜÀô‚Äß‚Çä‚òΩ ‚óØ ‚òæ‚Çä‚ÄßÀô‚ãÜÀöÔΩ°‚Å∫‚ãÜ

¬∑‚Ä¢¬∞HelPol + Wiccan + Aegosexual and Lithromantic + üîû + Super cool person (trust) ¬∞‚Ä¢¬∑",29,71,163,False,2025-06-10T02:41:08.439Z,https://cdn.bsky.app/img/avatar/plain/did:plc:qciiqrttnp6zs5r7wrgloqar/bafkreifnu2nvwtpain3gqb7afitnkjkgvac5eg5slyiolfgmbibphsz3se@jpeg,https://cdn.bsky.app/img/banner/plain/did:plc:qciiqrttnp6zs5r7wrgloqar/bafkreibifxaz2p5nagtzksaz3ne2mjnuyheao6wpdlj3ujsg3i2a5l6xq4@jpeg,2025-09-18T12:19:44.245336+00:00,100,1.63,0.4084507042253521,15.66,7,37,0,0,0,[],[],[],False,False,False,0,True,2025-09-18T12:19:44.245419+00:00
at://did:plc:rjofbo7l55nuntacewahl72i/app.bsky.feed.post/3lz4dhmxt7c2p,bafyreihsncydc6jbwsjwcfz524scztwyhlbxc5e2yofo7zbujkuo7k3ieq,"The South argued that its slaves were better off the the North‚Äôs wage slaves 

Adam Smith called wage slavery was the absence of the freedom to refuse a labor contract under conditions of duress. 

Just saying that we‚Äôve forgotten that governments create unemployment to create a labor market",2025-09-18T12:18:52.026Z,katiecannon.bsky.social,did:plc:rjofbo7l55nuntacewahl72i,unemployment,append_test_20min,2025-09-18T12:19:59.999458+00:00,en,Katie Cannon,"Our government creates our legal unit of account, the üíµ

It creates our currency when Congress votes to pay for a bank bailout or to pay for our healthcare.   Or whatever. 

Government chartered & backed banks create loans.",2318,4546,22064,False,2024-08-27T13:28:52.520Z,https://cdn.bsky.app/img/avatar/plain/did:plc:rjofbo7l55nuntacewahl72i/bafkreig5hh6azxgfszv7rb5ivkqgwcbl5hjkwnebqxgegewxpydi5wxtje@jpeg,,2025-09-18T12:19:59.999322+00:00,386,57.16062176165803,0.5098988121425428,34.18,48,292,0,0,0,[],[],[],False,False,False,0,True,2025-09-18T12:19:59.999436+00:00
