uri,cid,text,created_at,author_handle,author_did,keyword,search_query,collection_method,session_name,collected_at,lang,author_display_name,author_description,author_followers_count,author_following_count,author_posts_count,author_verified,author_created_at,author_avatar,author_banner,author_profile_fetched_at,author_account_age_days,author_posts_per_day,author_follower_following_ratio,author_influence_score,word_count,char_count,hashtag_count,mention_count,url_count,hashtags,mentions,urls,has_images,has_external_link,has_media,emotion_score,is_reply,content_analyzed_at,indexed_at,reply_count,repost_count,like_count,detected_location,location_indicators,location_confidence,keyword_matches,keyword_categories,collection_timestamp,text_length,has_location_data,has_keyword_matches,is_recent
at://did:plc:plgiqc7hotf4a76kda7k7epe/app.bsky.feed.post/3lzx7c2y2vs2q,bafyreidhngvk4blzvt3x3lixxigledrc3sj462znlj7pd5ujavoeknndje,"Y'all should go give @zyna-morixia.bsky.social a hug, she's genuinely so sweet and amazing and I dont know where id be without her (probably homeless)

She never fails to make me feel better and honestly she never gets the credit she deserves, and I think she's more than earned it

Love you babe ‚ù§Ô∏è",2025-09-29T04:46:03.355Z,mireaze.bsky.social,did:plc:plgiqc7hotf4a76kda7k7epe,homeless,homeless,search,socmed_search_30min,2025-09-29T04:46:22.029139+00:00,en,Meli puppy bork ¬£10/100,"25Yo Emo Snuffbait DogGirlThing 
ŒòŒî It/Puppy/She üè¥Û†ÅßÛ†Å¢Û†Å∑Û†Å¨Û†Å≥Û†Åøüè≥Ô∏è‚Äç‚ößÔ∏èüá´üá∑

Cardiff based design doggo

MDNI

Linktr.ee/Mireaze",765,269,9434,False,2023-09-13T14:02:32.690Z,https://cdn.bsky.app/img/avatar/plain/did:plc:plgiqc7hotf4a76kda7k7epe/bafkreidbeyeqsmzjqqdxl5xdvwsu4s7ne5q3pwh54il6lkofgertv3audu@jpeg,https://cdn.bsky.app/img/banner/plain/did:plc:plgiqc7hotf4a76kda7k7epe/bafkreicxqrjm5wjpvb6fqlhdjsmr2bkoutthv5xu2ijzdifyig24qit7zy@jpeg,2025-09-29T04:46:22.028764+00:00,746,12.646112600536194,2.8438661710037176,29.25,0,0,0,0,0,[],[],[],False,False,False,0,False,2025-09-29T04:46:22.029118+00:00,2025-09-29T04:46:06.050Z,0,0,0,ca,['profile:ca'],0.5,['homeless'],['core_terms'],2025-09-29T04:46:30.371128+00:00,299,True,True,True
at://did:plc:owz5vzlb4xdhwuzha7ckpfk2/app.bsky.feed.post/3lzx5qbklt22p,bafyreihi6t5gv5esxznfc2ck56q5ak35fyh222u2bdcjlum6kn67jjhlm4,"In this house, we believe...
UNHOUSED should be UNSEEN
POLICE need more MONEY
COUNCILS should be OBSTRUCTED",2025-09-29T04:18:12.532Z,voolala.bsky.social,did:plc:owz5vzlb4xdhwuzha7ckpfk2,unhoused,unhoused,search,socmed_search_30min,2025-09-29T04:46:41.830828+00:00,en,Molly Gee,"(she/her) Card game producer, comedian, and all-around weirdo. HOH. I read a lot (mostly horror, always fiction), I swear a lot, I cook and bake a lot. Big fan of bikinis, beer, and sunshine. Antifascist. ACAB. @mollydala on IG.",684,178,1447,False,2023-06-16T23:36:48.546Z,https://cdn.bsky.app/img/avatar/plain/did:plc:owz5vzlb4xdhwuzha7ckpfk2/bafkreierf3ktepim5i2fsd4dlpdk4mbairclc7slspqbm4qknjxxvqrdqq@jpeg,https://cdn.bsky.app/img/banner/plain/did:plc:owz5vzlb4xdhwuzha7ckpfk2/bafkreibthkuab3qcwo5lwlhfqdjsjchbsyqaoyqx7kocsankztoubf4zri@jpeg,2025-09-29T04:46:41.830750+00:00,835,1.732934131736527,3.842696629213483,30.72,0,0,0,0,0,[],[],[],False,False,False,0,False,2025-09-29T04:46:41.830821+00:00,2025-09-29T04:18:12.952Z,1,0,3,ca,"['profile:ca', 'profile:la']",1.0,['unhoused'],['core_terms'],2025-09-29T04:46:50.730520+00:00,107,True,True,True
at://did:plc:ib7oadgvhno5tgxib6jftnom/app.bsky.feed.post/3lzx2zdgifs26,bafyreig2wbfuv5i54ndjk7r2v3xpffek4qnjxdznasmdubtr3k2ib4ysmm,Too bad Newsom gets off on terrorizing the unhoused.,2025-09-29T03:29:35.254Z,antiindividualism.bsky.social,did:plc:ib7oadgvhno5tgxib6jftnom,unhoused,unhoused,search,socmed_search_30min,2025-09-29T04:46:41.987040+00:00,en,FreePalestine,"Leftist AuDHDer with ME/CFS & perpetual rage from powerlessly watching genocides & eugenics & abductions in real time. Descendant of immigrants.üçâüßø
Profile pics: drawing of 2 dogs forming yin yang symbol, artist unknown",949,1643,601,False,2024-11-12T21:20:51.517Z,https://cdn.bsky.app/img/avatar/plain/did:plc:ib7oadgvhno5tgxib6jftnom/bafkreibo4ufgjxuy7a5iyejodlwkt46byx75blmagnilrmgso6jlknin54@jpeg,,2025-09-29T04:46:41.986924+00:00,320,1.878125,0.5776019476567255,37.67,0,0,0,0,0,[],[],[],False,False,False,0,False,2025-09-29T04:46:41.987032+00:00,2025-09-29T03:29:35.749Z,0,0,0,,[],0.0,['unhoused'],['core_terms'],2025-09-29T04:46:50.730614+00:00,52,False,True,True
at://did:plc:7gcuqc3lw3373pd2pk6joowd/app.bsky.feed.post/3lzwypb2iqc23,bafyreibv4w5qk6q2f5ck2ejx43xxyumcfiyzi3snldkxswy5xtocgmh3aa,"9/29/25: UP-ROOT-ED - Mariners-owned TV channel closes; Rendezvous buyers make themselves known; Harrell claims most of Seattle‚Äôs unhoused people aren‚Äôt from here; Portland isn‚Äôt ‚Äòwar-torn,‚Äô doesn‚Äôt want federal troops on its streets. mailchi.mp/a310698bf638...",2025-09-29T02:48:09.741Z,clarkhumphrey.bsky.social,did:plc:7gcuqc3lw3373pd2pk6joowd,unhoused,unhoused,search,socmed_search_30min,2025-09-29T04:46:42.144739+00:00,en,Clark Humphrey,"Seattle. Music, pop culture, weird film, print ephemera, history, MISCosity. Editor of MISCmedia MAIL: a daily e-newsletter of Seattle news headlines.",350,541,248,False,2024-11-09T17:03:15.786Z,https://cdn.bsky.app/img/avatar/plain/did:plc:7gcuqc3lw3373pd2pk6joowd/bafkreiednzhi34ibmkbcvoajmjlr5575bob25lu4ezn7tcc7ayrppq3upy@jpeg,,2025-09-29T04:46:42.144612+00:00,323,0.7678018575851393,0.6469500924214417,32.51,0,0,0,0,0,[],[],[],False,False,False,0,False,2025-09-29T04:46:42.144730+00:00,2025-09-29T02:48:10.151Z,0,0,0,seattle,"['seattle', 'portland', 'la', 'seattle', 'portland', 'profile:seattle', 'profile:seattle']",1.0,"['unhoused', 'seattle', 'portland', 'la', 'seattle', 'portland']","['core_terms', 'geographic', 'profile_locations']",2025-09-29T04:46:50.730734+00:00,261,True,True,True
at://did:plc:3ezbbb7vbtarlotnfcj3kfap/app.bsky.feed.post/3lzwy6yf3p22d,bafyreigkzn34e7udgekgbnf4p5kymlgd6p3qbkhpqiymfaumvgp4qdt7oq,"Was gifted pepper spray from a fellow activist today, one who witnessed the incident on Labor Day, when an unhinged unhoused woman screamed at me, pulled a knife, and repeatedly slashed one of my banners.

I adore my fellow #Antifa",2025-09-29T02:39:03.780Z,patois42.com,did:plc:3ezbbb7vbtarlotnfcj3kfap,unhoused,unhoused,search,socmed_search_30min,2025-09-29T04:46:42.305359+00:00,en,Patty Hoyt,She/her ** Another person ashamed to be an American ** #YesOn50,1713,694,4045,False,2023-08-09T18:35:54.810Z,https://cdn.bsky.app/img/avatar/plain/did:plc:3ezbbb7vbtarlotnfcj3kfap/bafkreiezuok7zgb4oirula2k6hcdo6rbbkuh5w4cp6vm52roxed72cutfe@jpeg,https://cdn.bsky.app/img/banner/plain/did:plc:3ezbbb7vbtarlotnfcj3kfap/bafkreicdr6k3qpd4ossb6aep2utrwsrprxrpqrsofmlc7n65gjnwjdobwe@jpeg,2025-09-29T04:46:42.305255+00:00,781,5.179257362355954,2.468299711815562,34.46,0,0,0,0,0,[],[],[],False,False,False,0,False,2025-09-29T04:46:42.305350+00:00,2025-09-29T02:39:15.766Z,0,0,0,america,"['la', 'profile:america', 'profile:ca', 'profile:america']",1.0,"['unhoused', 'la']","['core_terms', 'profile_locations']",2025-09-29T04:46:50.730831+00:00,231,True,True,True
at://did:plc:g3wbijz3x4v5hrsu7w2vikyv/app.bsky.feed.post/3lzwws57sd224,bafyreigzyy5oh2n7eu4tifgm5isrkn3szd257wvpoj37uwzkfyer4n3duy,I oppose until we fix the housing crisis across the country.,2025-09-29T02:13:58.898Z,unraveledlissa.bsky.social,did:plc:g3wbijz3x4v5hrsu7w2vikyv,housing crisis,housing crisis,search,socmed_search_30min,2025-09-29T04:46:51.767879+00:00,en,lissa,Artist & Writer living in Alberta | Democracy & fighting injustice,880,883,1943,False,2023-10-05T02:45:34.133Z,https://cdn.bsky.app/img/avatar/plain/did:plc:g3wbijz3x4v5hrsu7w2vikyv/bafkreidkbrhtdykcqfvmbwuywstvozs4iivqvi2fpa6o3rjzw3nw4dmyea@jpeg,https://cdn.bsky.app/img/banner/plain/did:plc:g3wbijz3x4v5hrsu7w2vikyv/bafkreib2bphercf54uozpjfjh54doc7pllqwitu4kdd4ai2uxrd4w4qbqq@jpeg,2025-09-29T04:46:51.767784+00:00,725,2.68,0.9966024915062288,31.71,0,0,0,0,0,[],[],[],False,False,False,0,False,2025-09-29T04:46:51.767868+00:00,2025-09-29T02:13:59.852Z,0,0,0,,[],0.0,['housing crisis'],['core_terms'],2025-09-29T04:47:02.219642+00:00,60,False,True,True
at://did:plc:wt7scc6n323hm25h4tefycr2/app.bsky.feed.post/3lzwwgtvxsk27,bafyreicyjw3c75nugqkb4zxhkw6dnfvprqrft2cqrk36hf2rxpmb3tzqoe,"For some reason I feel like a publicly funded pension, a strong post retirement network of enrichment opportunities, and the type of paycheck that affords at least a decent apartment in a housing crisis on the low end also warrants doing your job with a bit more enthusiasm than a Subway employee.",2025-09-29T02:07:40.043Z,rocketpunches.cc,did:plc:wt7scc6n323hm25h4tefycr2,housing crisis,housing crisis,search,socmed_search_30min,2025-09-29T04:46:51.926608+00:00,en,Jon Gregory,"Indecipherable screeching. Once: Game writing at Game Informer, Paste, places you never heard of. Now: Game, 3D art, and IRL tinkering.",94,478,1463,False,2023-07-28T17:36:26.107Z,https://cdn.bsky.app/img/avatar/plain/did:plc:wt7scc6n323hm25h4tefycr2/bafkreihpuraj6dqdka6fng67tob7xaawd2l4bkclzzjjy3m73i6r7vjgk4@jpeg,https://cdn.bsky.app/img/banner/plain/did:plc:wt7scc6n323hm25h4tefycr2/bafkreifxnaodapcld3jszbeeimug4e2e3nnhrbuozzx5546baesmpnla2u@jpeg,2025-09-29T04:46:51.926438+00:00,793,1.844892812105927,0.19665271966527198,20.1,0,0,0,0,0,[],[],[],False,False,False,0,False,2025-09-29T04:46:51.926589+00:00,2025-09-29T02:07:40.254Z,0,0,0,la,['profile:la'],0.5,['housing crisis'],['core_terms'],2025-09-29T04:47:02.219736+00:00,297,True,True,True
at://did:plc:odqbxm5vefqum2fxbriz6x2m/app.bsky.feed.post/3lzwto2c2jc2a,bafyreif7wruujjxv6b5kmzsyxhro2rmanze57oyx2jfibahzsqw3gq2dfu,"As usual, laser focused on lowered inflation, solving the housing crisis and faithfully executing the laws of the United States.",2025-09-29T01:18:00.384Z,wonky-1138.bsky.social,did:plc:odqbxm5vefqum2fxbriz6x2m,housing crisis,housing crisis,search,socmed_search_30min,2025-09-29T04:46:52.089879+00:00,en,Wonky,"People say I look like Walmart-brand Iron Man. 
(It‚Äôs true)",1196,1503,4350,False,2024-10-07T18:43:34.706Z,https://cdn.bsky.app/img/avatar/plain/did:plc:odqbxm5vefqum2fxbriz6x2m/bafkreial6zh7qkx4bobzoxo3mqwx4d3nnyv66dxvffkrvjanntpzukqs6a@jpeg,,2025-09-29T04:46:52.089709+00:00,356,12.219101123595506,0.7957418496340652,32.16,0,0,0,0,0,[],[],[],False,False,False,0,False,2025-09-29T04:46:52.089860+00:00,2025-09-29T01:18:00.951Z,0,0,0,united states,"['united states', 'la', 'united states']",0.8,"['housing crisis', 'united states', 'la', 'united states']","['core_terms', 'geographic', 'profile_locations']",2025-09-29T04:47:02.219793+00:00,128,True,True,True
at://did:plc:5mgmu3cabqpslux636mpozaa/app.bsky.feed.post/3lzwtkx3nhk2s,bafyreiacipvlqupfsirtxmyyvwxqszuqr5wftyywoyof4uh7kx4mu6eppy,Stop googling everything and look at what happened.  The invasion happened and inflation sky rocketed along with a housing crisis all at the same time.  The ILLEGALS have caused all of it. Change my mind.,2025-09-29T01:16:16.367Z,greeneggs3ham.bsky.social,did:plc:5mgmu3cabqpslux636mpozaa,housing crisis,housing crisis,search,socmed_search_30min,2025-09-29T04:46:52.247329+00:00,en,,,44,31,658,False,2025-06-20T00:14:40.732Z,https://cdn.bsky.app/img/avatar/plain/did:plc:5mgmu3cabqpslux636mpozaa/bafkreiatwrm7ambrwnwojmwfjwwo6skgc34kw4mah4xfugypr7le2zbgju@jpeg,https://cdn.bsky.app/img/banner/plain/did:plc:5mgmu3cabqpslux636mpozaa/bafkreidy7b2sbx3celf7p7ccuotyrqnk2tf6lkcp6xw37qxhfejvgmm5u4@jpeg,2025-09-29T04:46:52.247148+00:00,101,6.514851485148514,1.4193548387096775,16.87,0,0,0,0,0,[],[],[],False,False,False,0,False,2025-09-29T04:46:52.247300+00:00,2025-09-29T01:16:17.150Z,2,0,0,ca,"['ca', 'la']",0.6,"['housing crisis', 'ca', 'la']","['core_terms', 'profile_locations']",2025-09-29T04:47:02.219848+00:00,204,True,True,True
at://did:plc:gojodtc7bebfcosb77oramyt/app.bsky.feed.post/3lzwsyvgjzk25,bafyreignngibladu2jw2fahes4slaq6gigremp77cmgqte2ft73szn54vq,"How is the national guard being activated for my city? I just finished teaching a class in my studio with the doors wide open, listening to kids play baseball down the street. A peaceful protest happened downtown. The only crisis we have here in Portland, Oregon is a housing crisis.",2025-09-29T01:06:10.644Z,erikarier.bsky.social,did:plc:gojodtc7bebfcosb77oramyt,housing crisis,housing crisis,search,socmed_search_30min,2025-09-29T04:46:52.410427+00:00,en,Erika Rier,"Interdisciplinary artist making ceramics and zines while secretly writing science fiction novellas. 

https://linktr.ee/erika_rier",2267,471,986,False,2024-02-07T15:01:21.294Z,https://cdn.bsky.app/img/avatar/plain/did:plc:gojodtc7bebfcosb77oramyt/bafkreiduuzpfdrd6hom2o5hqvw23vlqr67syunuf6agdkxlvgvo5jiyuby@jpeg,https://cdn.bsky.app/img/banner/plain/did:plc:gojodtc7bebfcosb77oramyt/bafkreibl2c2knhd33j2v3sdhexytnfjv2gto7hek4f6u6njjfgh7bphaha@jpeg,2025-09-29T04:46:52.410243+00:00,599,1.646076794657763,4.813163481953291,45.05,0,0,0,0,0,[],[],[],False,False,False,0,False,2025-09-29T04:46:52.410405+00:00,2025-09-29T01:06:10.949Z,2,0,9,la,"['portland', 'la', 'portland', 'profile:la']",1.0,"['housing crisis', 'portland', 'la', 'portland']","['core_terms', 'geographic', 'profile_locations']",2025-09-29T04:47:02.219925+00:00,283,True,True,True
at://did:plc:q4ucpejuhicvhxok3qmxiqef/app.bsky.feed.post/3lzwr4xk4zs2z,bafyreihxhzasrdr6bxrkwxitfbskzqrjuanferxq7fnik3qswodnzzf2by,There is no plan from government to solve the housing crisis. If there was they could have done it ages ago. The housing crisis is the result of policy. It is not accidental. It is not - from the govt's point of view - undesirable.,2025-09-29T00:32:39.595Z,hughsheehy.com,did:plc:q4ucpejuhicvhxok3qmxiqef,housing crisis,housing crisis,search,socmed_search_30min,2025-09-29T04:46:52.573019+00:00,de,·öÜ·öí·öå·öÜ Hugh Sheehy,"Irish. Sailor. Engineer. Former dog walker.
I talk sense and use facts.
You may or may not like that.
Human 
CEO http://goeve.com
https://linktr.ee/hughsheehy
BE, MBA, patents
üáÆüá™üá≥üá±üá¨üáßüá≥üá±üá´üá∑üá™üá∏üáÆüá™
#evcharging #electrictransition #climatechange",197,809,1643,False,2024-02-07T11:21:01.262Z,https://cdn.bsky.app/img/avatar/plain/did:plc:q4ucpejuhicvhxok3qmxiqef/bafkreih4dtctyxi57ivegtzgx2zdm7vqv7zt27o7snrft6zwqutlbnip2y@jpeg,https://cdn.bsky.app/img/banner/plain/did:plc:q4ucpejuhicvhxok3qmxiqef/bafkreihmoi4oj2trsa63nsmnvzals2k77jkjnirpyyza4islmfbicnmznm@jpeg,2025-09-29T04:46:52.572842+00:00,599,2.7429048414023374,0.24351050679851668,23.57,0,0,0,0,0,[],[],[],False,False,False,0,False,2025-09-29T04:46:52.573000+00:00,2025-09-29T00:32:40.350Z,0,0,0,la,['la'],0.3,"['housing crisis', 'la']","['core_terms', 'profile_locations']",2025-09-29T04:47:02.220006+00:00,231,True,True,True
at://did:plc:xfxzsqkyjwafy7x4lb5msd2y/app.bsky.feed.post/3lzwoyxq5rs2k,bafyreiamj5wfincfioylgv4qmkhy5jamv2jooja63iav3jmnpbi5hfnjda,"- no healthcare insurance
-low minimum wages
-housing crisis
-no social safety net
-no free mental health /addiction assistance
-rage-farmer politicians, now dictator/""president"" and people being disappeared
-easy access to even military style weapons
yup, must be senseless acts of violence! /S",2025-09-28T23:54:38.090Z,mythicaldragoness.bsky.social,did:plc:xfxzsqkyjwafy7x4lb5msd2y,housing crisis,housing crisis,search,socmed_search_30min,2025-09-29T04:46:52.739948+00:00,en,MythicalDragoness üá®üá¶,"#Geopolitics #Books #Art #Climate #SocialJustice  #Canpoli #WorldNews #Science 
 #Climate
LGBTQ+ safe space
I Block racists &, Maple MAGA, AI,Porn
PLEASE  DO NOT ADD ME TO USA START PACK - too much Trump in my TL",3126,3415,13905,False,2024-12-13T00:03:41.745Z,https://cdn.bsky.app/img/avatar/plain/did:plc:xfxzsqkyjwafy7x4lb5msd2y/bafkreig7gejrqz3l3lwufxpmahvytwqev2oerqhqcfsgrigekfhsusflxi@jpeg,https://cdn.bsky.app/img/banner/plain/did:plc:xfxzsqkyjwafy7x4lb5msd2y/bafkreie3pspd5jcdsp7xlrccam4j5afkntqcauqhu2fh25jul7jyzwfbge@jpeg,2025-09-29T04:46:52.739769+00:00,290,47.94827586206897,0.9153733528550513,36.08,0,0,0,0,0,[],[],[],False,False,False,0,False,2025-09-29T04:46:52.739930+00:00,2025-09-28T23:54:39.454Z,0,0,1,usa,"['ca', 'profile:usa', 'profile:ca', 'profile:usa']",1.0,"['housing crisis', 'ca']","['core_terms', 'profile_locations']",2025-09-29T04:47:02.220088+00:00,295,True,True,True
at://did:plc:rv3trokpqfb6sb27sseq5eo7/app.bsky.feed.post/3lzwnbfple22a,bafyreigr5yxzvtqele4jia3hi5oewg7gyjtjhegroqpb3mvx5wd2hnr34e,"Part of the housing crisis is from population growth. The US population has nearly doubled since the wonderful days of the 1970s. 

Part of it is from the profit motive of capitalism, in the individual level of landlords and from private equity.

The NIMBY argument is BS. Only the rich are NIMBY.",2025-09-28T23:23:33.704Z,verseomen.bsky.social,did:plc:rv3trokpqfb6sb27sseq5eo7,housing crisis,housing crisis,search,socmed_search_30min,2025-09-29T04:46:52.896638+00:00,en,Luke Verseomen,"Occupy Musk
He-man, Him-man, His-man",190,82,637,False,2024-11-15T16:36:38.223Z,https://cdn.bsky.app/img/avatar/plain/did:plc:rv3trokpqfb6sb27sseq5eo7/bafkreicua6yq5meu2ywli2meilhuniwy7z2n2i5oluzl5x3mrhboxi6jmi@jpeg,https://cdn.bsky.app/img/banner/plain/did:plc:rv3trokpqfb6sb27sseq5eo7/bafkreidy5ljtybvxbcczpkbzm3qc6s5geyy3nqyapoptjbrafy6fx4bfly@jpeg,2025-09-29T04:46:52.896454+00:00,317,2.0094637223974763,2.317073170731707,24.3,0,0,0,0,0,[],[],[],False,False,False,0,False,2025-09-29T04:46:52.896619+00:00,2025-09-28T23:23:34.352Z,1,0,1,ca,"['ca', 'la']",0.6,"['housing crisis', 'ca', 'la']","['core_terms', 'profile_locations']",2025-09-29T04:47:02.220156+00:00,297,True,True,True
at://did:plc:5w65wsxsom7vcfdbacnn4avf/app.bsky.feed.post/3lzwmnmwmkk2y,bafyreiao2a2uwobibagwwbxxhsmrsbaqa5dbo2zwwt6574zul25jixivpa,Yup. Mental health care may turn out to be just as important an ingredient for improving the housing crisis as public transit,2025-09-28T23:12:30.187Z,mithriltabby.bsky.social,did:plc:5w65wsxsom7vcfdbacnn4avf,housing crisis,housing crisis,search,socmed_search_30min,2025-09-29T04:46:53.059672+00:00,en,Max Kaehn,"Reader. Gamer. Maine Coon Cat wrangler. Software engineer. Zen practitioner. https://www.mithriltabby.com/

If you are just looking for a follow back, look somewhere else.",737,676,753,False,2023-07-23T22:42:52.200Z,https://cdn.bsky.app/img/avatar/plain/did:plc:5w65wsxsom7vcfdbacnn4avf/bafkreift3bts75v2nbyzcgjtzifbqamahsqp7w353dpa2gyeozrrj5332a@jpeg,https://cdn.bsky.app/img/banner/plain/did:plc:5w65wsxsom7vcfdbacnn4avf/bafkreifg7bf4lqgf4pvhjps7rzmbyc24or5rrmc6n4fkbbmuix6rdk7y2q@jpeg,2025-09-29T04:46:53.059507+00:00,798,0.943609022556391,1.0902366863905326,33.57,0,0,0,0,0,[],[],[],False,False,False,0,False,2025-09-29T04:46:53.059653+00:00,2025-09-28T23:12:30.656Z,0,0,4,ca,"['ca', 'profile:ca']",0.8,"['housing crisis', 'ca']","['core_terms', 'profile_locations']",2025-09-29T04:47:02.220211+00:00,125,True,True,True
at://did:plc:ah3xx43zx46g6tmdbmsmro7f/app.bsky.feed.post/3lzwlxdjra72s,bafyreighp2fvj4gcjldftih5ksot35nuq4ujipreoffxy65oegaywzfs3e,"Our 2nd fall webinar, The Housing Crisis Is Solvable, features @1alexhemingway.bsky.social and Sarah Ellis on where urgent action is needed with lessons from on-the-ground efforts to create new non-profit housing.

Learn why recent policy has fallen short.

Oct. 1, noon PT
bcpolicy.ca/events
",2025-09-28T23:00:00.000Z,bcpolicy.bsky.social,did:plc:ah3xx43zx46g6tmdbmsmro7f,housing crisis,housing crisis,search,socmed_search_30min,2025-09-29T04:46:53.218618+00:00,en,BC Policy Solutions,"bcpolicy.ca | We‚Äôre a progressive public policy research institute. We look at issues facing British Columbia and propose bold and achievable policy solutions that centre social, economic, environmental and racial justice. Join us!",1100,438,319,False,2025-01-27T23:31:42.644Z,https://cdn.bsky.app/img/avatar/plain/did:plc:ah3xx43zx46g6tmdbmsmro7f/bafkreiheq3icptkqwarkhdn3ua5mwccpj5fyfjctwykuzz2wjavumrn5zy@jpeg,https://cdn.bsky.app/img/banner/plain/did:plc:ah3xx43zx46g6tmdbmsmro7f/bafkreibti74tcxced7nfz2zabs7jlkhoi25cddqslrhvf3rdkyjgd55x7i@jpeg,2025-09-29T04:46:53.218430+00:00,244,1.3073770491803278,2.5114155251141552,47.66,0,0,0,0,0,[],[],[],False,False,False,0,False,2025-09-29T04:46:53.218598+00:00,2025-09-28T23:00:02.252Z,0,1,0,ca,"['ca', 'profile:ca']",0.8,"['housing crisis', 'ca']","['core_terms', 'profile_locations']",2025-09-29T04:47:02.220297+00:00,293,True,True,True
at://did:plc:7sgwqqzyxsyhj6k3boracl5l/app.bsky.feed.post/3lzwiq47aps2b,bafyreig5ea3f7hvdrlbfdmperqmbrnnag2hhoieyqjhe442p6b7j2jsdje,"Yes, this. We have a huge housing crisis, and it‚Äôs creating problems. If Cheeto Mussolini actually wanted to make Portland safer, he‚Äôd pressure congress to fund affordable housing and the state and city to actually hurry up and build it.",2025-09-28T22:02:18.340Z,superplexa.bsky.social,did:plc:7sgwqqzyxsyhj6k3boracl5l,housing crisis,housing crisis,search,socmed_search_30min,2025-09-29T04:46:53.379094+00:00,en,,,702,939,14,False,2025-01-25T02:05:50.244Z,https://cdn.bsky.app/img/avatar/plain/did:plc:7sgwqqzyxsyhj6k3boracl5l/bafkreifc366q7i4bbvpmdy7ddeavoyju3qcoyyxo4qchreogm6lpvcucgi@jpeg,,2025-09-29T04:46:53.378942+00:00,247,0.05668016194331984,0.7476038338658147,78.47,0,0,0,0,0,[],[],[],False,False,False,0,False,2025-09-29T04:46:53.379079+00:00,2025-09-28T22:02:18.851Z,0,0,0,portland,"['portland', 'la', 'portland']",0.8,"['housing crisis', 'affordable housing', 'affordable housing', 'portland', 'la', 'portland']","['profile_locations', 'core_terms', 'geographic', 'housing_types']",2025-09-29T04:47:02.220357+00:00,237,True,True,True
at://did:plc:vzs437aflfzu7mhelmu6hewc/app.bsky.feed.post/3lzwgo7cmvs2n,bafyreihutigcmwubencewlvweckonqcoulrkcp2xpysojpwom5lh3po45a,"We also need renters and tenants unions, and to have rent control too. When corporations own 950 millions homes across the US, there‚Äôs your housing crisis.",2025-09-28T21:25:27.003Z,hazydayz.bsky.social,did:plc:vzs437aflfzu7mhelmu6hewc,housing crisis,housing crisis,search,socmed_search_30min,2025-09-29T04:46:53.542989+00:00,en,HazeDZ,"Member of the 50501st
Do. Not. Comply.
""The Imperial need for control is so desperate because it is so unnatural. Tyranny requires constant effort. It breaks, it leaks. Authority is brittle. Oppression is the mask of fear. Remember that.""",3277,467,7411,False,2024-08-13T19:35:26.575Z,https://cdn.bsky.app/img/avatar/plain/did:plc:vzs437aflfzu7mhelmu6hewc/bafkreia6aatu2dgpvj3afaj66ymbwuosv7ddstc5wrx3k3fft753jdxjtm@jpeg,https://cdn.bsky.app/img/banner/plain/did:plc:vzs437aflfzu7mhelmu6hewc/bafkreib7liwetdafaoklnlk47pzn4niz4ajrpsvmytj3uniwt62kpxzk64@jpeg,2025-09-29T04:46:53.542824+00:00,411,18.0316301703163,7.017130620985011,37.37,0,0,0,0,0,[],[],[],False,False,False,0,False,2025-09-29T04:46:53.542972+00:00,2025-09-28T21:25:28.053Z,0,0,5,ca,"['profile:ca', 'profile:ny']",1.0,['housing crisis'],['core_terms'],2025-09-29T04:47:02.220425+00:00,155,True,True,True
at://did:plc:aewxxebna2sjksl6phcfq3pa/app.bsky.feed.post/3lzwg5yg46k2z,bafyreidtn5px6jqbm2tz2zhhskpbbebczghsp6jekgdpkunjs5gmxuogua,"3 structural forces are reshaping the world young people are entering into: a housing crisis, a crisis of job insecurity and a crisis of global heating. ‚ÄúEverything in their life is more fragile. Conditions are stacked against them.‚Äù www.theage.com.au/national/wha...",2025-09-28T21:16:22.907Z,natashainoz.bsky.social,did:plc:aewxxebna2sjksl6phcfq3pa,housing crisis,housing crisis,search,socmed_search_30min,2025-09-29T04:46:53.705420+00:00,en,Natasha In Oz,Educatorüìö Love my famü´∂üèª Traveller‚úàÔ∏è Foodieüç≤ Feministüôãüèª #GoPies üñ§ü§ç,1244,843,494,False,2024-05-07T10:08:29.168Z,https://cdn.bsky.app/img/avatar/plain/did:plc:aewxxebna2sjksl6phcfq3pa/bafkreiadjofca4ntmz2ewt47r5xbnqrfuvy2s7kwu6cc5kxzikjjjkqjie@jpeg,https://cdn.bsky.app/img/banner/plain/did:plc:aewxxebna2sjksl6phcfq3pa/bafkreifh2rmgyopum3kiqptalvehxccx7dik2ivumqgi42os2jatcbu6z4@jpeg,2025-09-29T04:46:53.705201+00:00,509,0.9705304518664047,1.4756820877817318,43.54,0,0,0,0,0,[],[],[],False,False,False,0,False,2025-09-29T04:46:53.705401+00:00,2025-09-28T21:16:35.453Z,0,0,0,ca,['profile:ca'],0.5,['housing crisis'],['core_terms'],2025-09-29T04:47:02.220499+00:00,267,True,True,True
at://did:plc:6hnkpvshsxjgot5figjyardd/app.bsky.feed.post/3lzwfdgn2h22x,bafyreie6jpb2qpt75klkrdy37y4466i6jasam4szrufzq5hg2han56g7ny,"Projet Montr√©al has called out their political rivals Ensemble Montr√©al for proposing the deregulation of Airbnb, a company whose rapid expansion of short-term rental apartments has been a leading cause of the housing crisis in the city.",2025-09-28T21:01:31.845Z,cultmtl.com,did:plc:6hnkpvshsxjgot5figjyardd,housing crisis,housing crisis,search,socmed_search_30min,2025-09-29T04:46:53.867008+00:00,en,Cult MTL,Love for Montreal culture. cultmtl.com,14942,7770,2622,False,2024-11-09T20:06:30.781Z,https://cdn.bsky.app/img/avatar/plain/did:plc:6hnkpvshsxjgot5figjyardd/bafkreidbgsen52qllwvu7r56ioubaeqss4yaqozggglbl43vpku6xysicq@jpeg,https://cdn.bsky.app/img/banner/plain/did:plc:6hnkpvshsxjgot5figjyardd/bafkreibrwnsbhvhk6fluuqntys3ua2aynlhw5vdgeipwdt5qf5hfwaa23q@jpeg,2025-09-29T04:46:53.866795+00:00,323,8.117647058823529,1.923037323037323,70.24,0,0,0,0,0,[],[],[],False,False,False,0,False,2025-09-29T04:46:53.866990+00:00,2025-09-28T21:01:50.257Z,0,14,28,ca,"['ca', 'la', 'ny']",0.8,"['housing crisis', 'ca', 'la', 'ny']","['core_terms', 'profile_locations']",2025-09-29T04:47:02.220560+00:00,237,True,True,True
at://did:plc:gowdkbwiymyqyl26tprqlzef/app.bsky.feed.post/3lzwdqwfbak27,bafyreidunb2f6s2h2wkwzwryiwu2vdt3a6osk2ptr5xdm5yximm7rp2uy4,"links details, sounds very interesting

The UK and Canada seem to have been in the housing crisis for longer, and Canada seems to be learning some things",2025-09-28T20:33:17.091Z,burnstony.bsky.social,did:plc:gowdkbwiymyqyl26tprqlzef,housing crisis,housing crisis,search,socmed_search_30min,2025-09-29T04:46:54.050131+00:00,en,YIMBY Liberation Front,"No Borders, No Zoning, Taco Trucks üåÆ üõª",832,2695,903,False,2023-10-06T16:03:06.859Z,https://cdn.bsky.app/img/avatar/plain/did:plc:gowdkbwiymyqyl26tprqlzef/bafkreid77qtmhnjzcof4w7u54kledrbfegopmtiuyyzkiqzpqdbwdu52ra@jpeg,https://cdn.bsky.app/img/banner/plain/did:plc:gowdkbwiymyqyl26tprqlzef/bafkreibg7b2dmpnxg3ytlzgxxits6tn7q4nscbob6elzbokhclt73nuwbe@jpeg,2025-09-29T04:46:54.050000+00:00,723,1.2489626556016598,0.30871985157699444,33.81,0,0,0,0,0,[],[],[],False,False,False,0,False,2025-09-29T04:46:54.050118+00:00,2025-09-28T20:33:17.455Z,1,0,1,canada,"['canada', 'uk', 'ca']",0.8,"['housing crisis', 'canada', 'uk', 'ca']","['core_terms', 'geographic', 'profile_locations']",2025-09-29T04:47:02.220615+00:00,153,True,True,True
at://did:plc:fyqf3ovzvykujefrovj3zue2/app.bsky.feed.post/3lzwbbqe3q222,bafyreiamwnapidldtets56ok6746fc7vihhlbr4ulkhuanui7wkz5l7nfi,"One solution to our housing crisis in the US has been CLTs, or community land trusts. 
Thoughts?",2025-09-28T19:48:59.949Z,alignandresonate.bsky.social,did:plc:fyqf3ovzvykujefrovj3zue2,housing crisis,housing crisis,search,socmed_search_30min,2025-09-29T04:46:54.210913+00:00,en,Resonate,"Neurodiverse owned shop alignandresonate.sellfy.store launching our 2025 campaign Year of Love where we tackle 12 issues in 12 months with 12 fundraisers- check out
Linkr.bio/alignandresonate to see what we're doing right now! üì¢üí™üíì",3460,13482,103,False,2025-02-27T13:07:29.745Z,https://cdn.bsky.app/img/avatar/plain/did:plc:fyqf3ovzvykujefrovj3zue2/bafkreiapbbp4td5krra4oevz43z4a7ve7i4laek72a5ewbvmeyz5agdlku@jpeg,,2025-09-29T04:46:54.210814+00:00,213,0.4835680751173709,0.2566384809375464,85.39,0,0,0,0,0,[],[],[],False,False,False,0,False,2025-09-29T04:46:54.210904+00:00,2025-09-28T19:49:05.660Z,0,0,0,ca,"['la', 'profile:ca', 'profile:la']",1.0,"['housing crisis', 'la']","['core_terms', 'profile_locations']",2025-09-29T04:47:02.220667+00:00,96,True,True,True
at://did:plc:26gn3t2rrdtrhb6cmrftb6sv/app.bsky.feed.post/3lzw7av6fck2y,bafyreiaca26zoh4isil4ttlnhyriq65ydmvmvlfgiqshr3c6sl5rkrmgua,"Oh, great. Keep all us elderly alive for another 50 or so years. You think SS is in trouble now? Just wait. And the housing crisis? Portapotti sq footage will be the big deal soon. Food? Sure, mess with the circle of life and see what happens.",2025-09-28T19:12:43.978Z,pk2099.bsky.social,did:plc:26gn3t2rrdtrhb6cmrftb6sv,housing crisis,housing crisis,search,socmed_search_30min,2025-09-29T04:46:55.180630+00:00,en,,,69,16,920,False,2024-10-01T02:03:56.510Z,https://cdn.bsky.app/img/avatar/plain/did:plc:26gn3t2rrdtrhb6cmrftb6sv/bafkreibiqv4lgab4br6v6lf4n7qeivbjxmi5rukb6dczrmsc27jjakbusq@jpeg,,2025-09-29T04:46:55.180480+00:00,363,2.534435261707989,4.3125,18.83,0,0,0,0,0,[],[],[],False,False,False,0,False,2025-09-29T04:46:55.180611+00:00,2025-09-28T19:12:45.055Z,0,0,0,,[],0.0,['housing crisis'],['core_terms'],2025-09-29T04:47:02.220724+00:00,243,False,True,True
at://did:plc:33ub7zsjix2x7oqafuhweecl/app.bsky.feed.post/3lzw6kipson2y,bafyreicshtwowvuy2r6wizet3727nuu6fnkc2ofsmdf3q5z6dacw6rma3q,"THIS WEEK'S SUNDAY BRIEFING: There's some pushback within the Republican party now that the top of the 2026 ticket appears to be set; how one Ohio senator wants to address the affordable housing crisis.

WATCH THE FULL SHOW: https://nbc4i.co/3KmAGEp?utm_medium=social&utm_source=bluesky_",2025-09-28T19:00:12.693Z,nbc4i.com,did:plc:33ub7zsjix2x7oqafuhweecl,housing crisis,housing crisis,search,socmed_search_30min,2025-09-29T04:46:55.438075+00:00,en,NBC4 Columbus,"NBC4 is Columbus' top source for news, weather, sports and entertainment",2067,23,4814,False,2024-11-13T19:30:02.776Z,https://cdn.bsky.app/img/avatar/plain/did:plc:33ub7zsjix2x7oqafuhweecl/bafkreighmuvntisa3dglmbzjz4ce73a7yr3vw34l5qvgx5innmcjq4y4um@jpeg,https://cdn.bsky.app/img/banner/plain/did:plc:33ub7zsjix2x7oqafuhweecl/bafkreigrtohtlojcfr7l7yjivhpb6c5aa2uio62oxgo5bq5ohufuw4s5v4@jpeg,2025-09-29T04:46:55.437927+00:00,319,15.090909090909092,89.8695652173913,35.3,0,0,0,0,0,[],[],[],False,False,False,0,False,2025-09-29T04:46:55.438062+00:00,2025-09-28T19:00:13.357Z,0,0,0,ca,['ca'],0.3,"['housing crisis', 'affordable housing', 'affordable housing', 'ca']","['profile_locations', 'core_terms', 'housing_types']",2025-09-29T04:47:02.220793+00:00,287,True,True,True
at://did:plc:ibuciczjdcfajqygstebv5h5/app.bsky.feed.post/3lzw63ubu7c2w,bafyreihpmxs5jckxvqngshtkkbbmhjt7sbymhh3n6kdps5alzj7ybpymjm,Hey @bernardchickey.bsky.social ... thought this was interesting (though they do mention the housing crisis as something to be concerned about) www.theguardian.com/world/2025/f...,2025-09-28T18:52:01.529Z,sarahhbickerton.bsky.social,did:plc:ibuciczjdcfajqygstebv5h5,housing crisis,housing crisis,search,socmed_search_30min,2025-09-29T04:46:55.605646+00:00,en,Dr Sarah Hendrica Bickerton üè≥Ô∏è‚Äçüåà,"Lecturer in public policy & tech, sociologist, tangata tiriti, feminist, geek, coffee-vampire, lesbian, urbanist, electric motorcyclist, ex-Chicagoan, wannabe Carol Danvers/Clarke Griffin/Kate Kane. She/her ‚ù§Ô∏èüñ§ü§ç
https://about.me/sarahhendricabickerton/",3410,2067,9555,False,2023-04-29T20:26:34.432Z,https://cdn.bsky.app/img/avatar/plain/did:plc:ibuciczjdcfajqygstebv5h5/bafkreidfwabfscqwp5lsi3hzurhkg5s33odbaw7anxz3adoam5ekzbdxsu@jpeg,https://cdn.bsky.app/img/banner/plain/did:plc:ibuciczjdcfajqygstebv5h5/bafkreigwfsfli7gcy6mf3b5c7ommet4ydxyyphlel4tr57zq573pn77sci@jpeg,2025-09-29T04:46:55.605485+00:00,883,10.821064552661381,1.6497339138848572,37.11,0,0,0,0,0,[],[],[],False,False,False,0,False,2025-09-29T04:46:55.605628+00:00,2025-09-28T18:52:10.153Z,1,1,8,chicago,"['profile:chicago', 'profile:ca', 'profile:la', 'profile:chicago']",1.0,['housing crisis'],['core_terms'],2025-09-29T04:47:02.220863+00:00,179,True,True,True
at://did:plc:anp4alduvjfxvl5om7ztfueb/app.bsky.feed.post/3lzw5xwq5sc25,bafyreib375jghhlabxbliiwd2jleam7ceiz3kxa5vukgge6wfzuw5oh34e,"Sir, not an expert as you are, but I noted that she said little about the housing crisis (a vague notion of a $50k credit), student loan relief, sky-high rent‚Ä¶nor really anything besieging young voters. But I heard multiple times about her owning a gun. Who was that for? A big miss if you ask me.",2025-09-28T18:49:49.876Z,baseballguystl.bsky.social,did:plc:anp4alduvjfxvl5om7ztfueb,housing crisis,housing crisis,search,socmed_search_30min,2025-09-29T04:46:55.807295+00:00,en,Mark Brown,"#STL. Cardinals/Blues fan, profanity enthusiast.",43,181,12,False,2023-10-19T00:54:17.531Z,https://cdn.bsky.app/img/avatar/plain/did:plc:anp4alduvjfxvl5om7ztfueb/bafkreiajcxpx4ug7u6hkpgqib5l7457l36svgdolz6izsidokeu7zocuru@jpeg,https://cdn.bsky.app/img/banner/plain/did:plc:anp4alduvjfxvl5om7ztfueb/bafkreiekubhhfirl3xjtxeebb7mhkwkoelulyga3oqxix4phepy57vuqlm@jpeg,2025-09-29T04:46:55.807108+00:00,711,0.016877637130801686,0.23756906077348067,34.35,0,0,0,0,0,[],[],[],False,False,False,0,False,2025-09-29T04:46:55.807277+00:00,2025-09-28T18:49:50.155Z,0,0,0,ca,"['ny', 'profile:ca']",0.8,"['housing crisis', 'ny']","['core_terms', 'profile_locations']",2025-09-29T04:47:02.220937+00:00,297,True,True,True
at://did:plc:gysid4ggfocqvt5ee7ikokls/app.bsky.feed.post/3lzw2iajcvy2z,bafyreibtegwkmky3omjxlf4j45amlyhz4fgmppbdbghen57qsinyd24tbm,"It's the reason I have a comprehensive suite of housing policy that forms the first pillar of my platform. We need to actively address our housing crisis, with both market and non-market housing while also investing in our inner-city neighbourhoods www.davidfor7.ca/hou...",2025-09-28T17:47:21.000Z,davidfor7.ca,did:plc:gysid4ggfocqvt5ee7ikokls,housing crisis,housing crisis,search,socmed_search_30min,2025-09-29T04:46:55.968618+00:00,en,David Barrett,"Ward 7 Councillor Candidate for Calgary üó≥Ô∏è. Water researcher üíß, teacher üçé, volunteer trying to build better communities ‚úãüèº, dad üßìüèº, rides bikes üö≤.
www.davidfor7.ca/linkinbio",1272,248,517,False,2023-08-28T03:42:18.012Z,https://cdn.bsky.app/img/avatar/plain/did:plc:gysid4ggfocqvt5ee7ikokls/bafkreib6eykechjcsli7zdw4abfoqouzn3tjftxr2qlsmex3wgsnkmeddm@jpeg,https://cdn.bsky.app/img/banner/plain/did:plc:gysid4ggfocqvt5ee7ikokls/bafkreie2efy46hyo22jwpp45llx7ukdyxp7smmviziu2boitkcjbaeawke@jpeg,2025-09-29T04:46:55.968460+00:00,763,0.6775884665792923,5.129032258064516,43.35,0,0,0,0,0,[],[],[],False,False,False,0,False,2025-09-29T04:46:55.968602+00:00,2025-09-28T17:47:22.157Z,1,0,2,ca,"['ca', 'la', 'profile:ca']",1.0,"['housing crisis', 'ca', 'la']","['core_terms', 'profile_locations']",2025-09-29T04:47:02.221013+00:00,272,True,True,True
at://did:plc:mgapcoogvlpg2ixdd4ne7ira/app.bsky.feed.post/3lzvznhhfrk2g,bafyreiesytfye6rc63g62jcvz35fmerscnkabiowxuqe2zapar64ypi5ki,"We are in unprecedented times. People have to realize NOTHING is the same given what is happening in the US, combined with the housing crisis. If taking on a higher deficit means less homelessness, and more stability for Canadians, then I am in full support.",2025-09-28T17:32:23.350Z,genxadventures.bsky.social,did:plc:mgapcoogvlpg2ixdd4ne7ira,housing crisis,housing crisis,search,socmed_search_30min,2025-09-29T04:46:56.241667+00:00,en,Suzanne Peasley üá®üá¶,"Team Canada! Stand up to tyranny, racists, homophobes, misogynists, and right wing A-holes. Never cons. Save our planet. Vaxxed. EMS dispatcher off on PTSD. Witchy, tattooed, and ‚ù§Ô∏è spooky stuff, travel and animals. #ElbowsUp üá∫üá¶ üá®üá¶",5625,3723,1005,False,2024-11-14T17:08:05.942Z,https://cdn.bsky.app/img/avatar/plain/did:plc:mgapcoogvlpg2ixdd4ne7ira/bafkreiavceepziy6kvqp4fr6ftemuxk4iikihslnd6vn5qoezgmnmjzn3y@jpeg,https://cdn.bsky.app/img/banner/plain/did:plc:mgapcoogvlpg2ixdd4ne7ira/bafkreieuou2xpzmbne2efwbw2m3hdshwoac2kizqshhwyph7xg6zfo5txm@jpeg,2025-09-29T04:46:56.241502+00:00,318,3.160377358490566,1.5108783239323127,65.49,0,0,0,0,0,[],[],[],False,False,False,0,False,2025-09-29T04:46:56.241650+00:00,2025-09-28T17:32:24.558Z,1,0,1,canada,"['ca', 'profile:canada', 'profile:ca', 'profile:la', 'profile:ny']",1.0,"['homeless', 'homelessness', 'housing crisis', 'ca']","['core_terms', 'profile_locations']",2025-09-29T04:47:02.221095+00:00,258,True,True,True
at://did:plc:agxhun7wf2fm3fdfj6zrm33y/app.bsky.feed.post/3lzvxtlskbc2w,bafyreibik3mfk62pekpdwiib7bzbjan7lknektcimhxz6c6bc76ujsnxfu,"üìâ üè† A shortage of builders and a rise in the cost of materials, Brexit is partly to blame for the UK's housing crisis.

https://www.economist.com/britain/2025/09/25/why-labours-growth-mission-remains-grounded",2025-09-28T17:00:01.721771481Z,bestforbritain.org,did:plc:agxhun7wf2fm3fdfj6zrm33y,housing crisis,housing crisis,search,socmed_search_30min,2025-09-29T04:46:56.401980+00:00,en,Best for Britain,"Fixing the problems Britain faces after Brexit. 

Change Minds ‚Üí Change Politics 

CEO @pimlicat.bsky.social
GUEST ~AA @SturdyAlex.bsky.social ",68715,2641,3714,False,2023-07-14T12:10:14.905Z,https://cdn.bsky.app/img/avatar/plain/did:plc:agxhun7wf2fm3fdfj6zrm33y/bafkreiatnju7rmc6kfn2kxab4acmzcmevhumuzvedt7hcmrekdynubkdvu@jpeg,https://cdn.bsky.app/img/banner/plain/did:plc:agxhun7wf2fm3fdfj6zrm33y/bafkreiedifc6f2iiadlus5lqmppbuxeekewvadkzcpu7mmwv3trfvgwus4@jpeg,2025-09-29T04:46:56.401851+00:00,807,4.602230483271375,26.01855357819008,98.37,0,0,0,0,0,[],[],[],False,False,False,0,False,2025-09-29T04:46:56.401973+00:00,2025-09-28T17:00:05.270Z,3,30,62,ca,"['uk', 'la', 'profile:ca']",1.0,"['housing crisis', 'uk', 'la']","['core_terms', 'geographic', 'profile_locations']",2025-09-29T04:47:02.221169+00:00,208,True,True,True
at://did:plc:otu6mg5xkk47y3ghqpq2w3oo/app.bsky.feed.post/3lzvwfdb3u22e,bafyreifv2lx4accffwcouv5pdusqvcljlcegsot6nwun66bkliya7cplzq,"The very idea that ""public golf courses"" exist in a housing crisis is absurd. Golf courses are *enormous* uses of space and every 18-hole course could be converted into a housing development for over ten thousand people while still having ample space for generously-sized parks.",2025-09-28T16:34:09.287Z,pxtl.ca,did:plc:otu6mg5xkk47y3ghqpq2w3oo,housing crisis,housing crisis,search,socmed_search_30min,2025-09-29T04:46:56.563556+00:00,en,Martin Z,"„ÄÄ üåá #HamOnt üçÅ
„ÄÄ ‚úçÔ∏è https://Pxtl.ca
 „ÄÄ ü¶£ https://mastodon.social/@Pxtl
üêôüê± https://github.com/Pxtl
üê≠üçÅ https://lemmy.ca/u/Pxtl
 ‚ôÇÔ∏è ‚ôÄÔ∏è he/him
 „ÄÄ#Ô∏è‚É£ #YIMBY #BikeSky #ProtectTransKids #ElbowsUp
 „ÄÄ#Ô∏è‚É£ #Powershell #DevOps #Boardgames #Cocktails",1239,735,5412,False,2023-09-29T05:10:52.453Z,https://cdn.bsky.app/img/avatar/plain/did:plc:otu6mg5xkk47y3ghqpq2w3oo/bafkreido5o4sfwqc2xqcoorfbucqiumqtx5xt6gnrgd77r7qbtpysppfgy@jpeg,https://cdn.bsky.app/img/banner/plain/did:plc:otu6mg5xkk47y3ghqpq2w3oo/bafkreifoo6avijxvwuc2umjyp5nsfhv6qsrv33jzfwbgf4fukcqimcmumm@jpeg,2025-09-29T04:46:56.563467+00:00,730,7.413698630136986,1.6857142857142857,32.08,0,0,0,0,0,[],[],[],False,False,False,0,False,2025-09-29T04:46:56.563547+00:00,2025-09-28T16:34:09.556Z,1,0,0,ca,"['usa', 'usa', 'profile:ca']",1.0,"['housing crisis', 'usa', 'usa']","['core_terms', 'geographic', 'profile_locations']",2025-09-29T04:47:02.221255+00:00,278,True,True,True
at://did:plc:btiv2otyzmxd3adz3axrl34f/app.bsky.feed.post/3lzvw7jcyjs2b,bafyreihtdiuvhqkqm7b7btidexayd2klaxp2k77y4hrldhbigx4glzmqwy,"Sunday walk, a route we have not done for a year. Came across some Green Belt development, 10 new homes. All ¬£1 million+. So well done on the ""Build on the Green Belt"" policy for addressing the ""housing crisis"" of millionaires!",2025-09-28T16:30:54.316Z,richardblogger.bsky.social,did:plc:btiv2otyzmxd3adz3axrl34f,housing crisis,housing crisis,search,socmed_search_30min,2025-09-29T04:46:56.720608+00:00,en,Richard Blogger,"Patient advocate, activist, campaigner. Pragmatically left of centre.
Considering all the autoimmune conditions I have, I am clearly allergic to me",156,162,2128,False,2024-08-24T17:48:29.121Z,https://cdn.bsky.app/img/avatar/plain/did:plc:btiv2otyzmxd3adz3axrl34f/bafkreidapcvnmsysnue2mtdgpmxivrpcr5a24luslethvboy36rfslzh4u@jpeg,,2025-09-29T04:46:56.720514+00:00,400,5.32,0.9629629629629629,22.33,0,0,0,0,0,[],[],[],False,False,False,0,False,2025-09-29T04:46:56.720600+00:00,2025-09-28T16:30:55.151Z,0,0,0,ca,"['ca', 'profile:ca']",0.8,"['housing crisis', 'ca']","['core_terms', 'profile_locations']",2025-09-29T04:47:02.221321+00:00,227,True,True,True
at://did:plc:wauiuf23yfeican6jumyq7qg/app.bsky.feed.post/3lzvw5do5uw2e,bafyreiaql3wnxkgfjskuj5rmmazx4d7n4ld26ql7gex3prmm3nlcj5druu,"New piece in the Toronto Star. New home sales indicate that Ontario's housing crisis extends beyond high-rise condos and isn't exclusive to Toronto. If construction slows down, we can expect to see a spike in prices and rents at the end of the decade.",2025-09-28T16:29:40.000Z,mikepmoffatt.bsky.social,did:plc:wauiuf23yfeican6jumyq7qg,housing crisis,housing crisis,search,socmed_search_30min,2025-09-29T04:46:56.880099+00:00,en,Dr. Mike P. Moffatt,"Co-Host, ""Missing Middle"".  Husband. Father. Brother. Son. Economist. Housing guy. I used to do other stuff. ",11206,68,1360,False,2023-07-23T16:10:23.776Z,https://cdn.bsky.app/img/avatar/plain/did:plc:wauiuf23yfeican6jumyq7qg/bafkreigywhf4qgel7htdnhactwxamy4da2iasqzwlimswkdrg3qqmaopoe@jpeg,https://cdn.bsky.app/img/banner/plain/did:plc:wauiuf23yfeican6jumyq7qg/bafkreibvvjlz5pa7xdfbbcgtvhcbk4ftylbs4aee6r44dpjdvmzbgw43om@jpeg,2025-09-29T04:46:56.880008+00:00,798,1.7042606516290726,164.7941176470588,81.69,0,0,0,0,0,[],[],[],False,False,False,0,False,2025-09-29T04:46:56.880091+00:00,2025-09-28T16:29:41.956Z,0,4,16,ca,['ca'],0.3,"['housing crisis', 'ca']","['core_terms', 'profile_locations']",2025-09-29T04:47:02.221397+00:00,251,True,True,True
at://did:plc:e5hg2qhqqi44i2hs2oz7iz52/app.bsky.feed.post/3lzvsgdmtlv2m,bafyreigzvgbweo7vgeu6eihljtoc5nwfhfyskoi4l6yhytulzuqlar5pvy,Downsizing Baby Boomers May Ease the Housing Crisis - h/t NPR,2025-09-28T15:23:07Z,planetizen.bsky.social,did:plc:e5hg2qhqqi44i2hs2oz7iz52,housing crisis,housing crisis,search,socmed_search_30min,2025-09-29T04:46:57.060283+00:00,en,Planetizen,https://www.planetizen.com/,504,16,1233,False,2024-11-22T01:04:26.353Z,https://cdn.bsky.app/img/avatar/plain/did:plc:e5hg2qhqqi44i2hs2oz7iz52/bafkreigd6fb5d62xfkzkoycuphr24qetscb7mg43m2lmrwvysgmhwupqjy@jpeg,https://cdn.bsky.app/img/banner/plain/did:plc:e5hg2qhqqi44i2hs2oz7iz52/bafkreickfnuis7kntnvczbnxgbgpdrkjobygx36wgchjehtjwhwi7c5b7a@jpeg,2025-09-29T04:46:57.060223+00:00,311,3.964630225080386,31.5,29.08,0,0,0,0,0,[],[],[],False,False,False,0,False,2025-09-29T04:46:57.060278+00:00,2025-09-28T15:23:08.757Z,1,0,1,la,['profile:la'],0.5,['housing crisis'],['core_terms'],2025-09-29T04:47:02.221443+00:00,61,True,True,True
at://did:plc:6xvnelksn2cnupfvxiggxxbe/app.bsky.feed.post/3lzvsez77ec2y,bafyreiavz5b6qrlrhtdm3izkwtpceaddy2c73q3l46jr3g4xfumfrui5ha,"In shocking move, vacant data centers turned into affordable housing solving the housing crisis, economy saved!",2025-09-28T15:22:23.773Z,thatac.bsky.social,did:plc:6xvnelksn2cnupfvxiggxxbe,housing crisis,housing crisis,search,socmed_search_30min,2025-09-29T04:46:57.219198+00:00,en,That Anonymous Coward,"Sociopathic Immortal.
Designed to be distrusted.
The gay one with a trendy avatar.
Mom warned you about me.
AKA - [Bad Thing]
Oof / Yikes YMMV
I'm nothing like you expected, yet so much worse than you imagined.
I might be crazy, but I'm fun.
Pottymouth.",952,121,20640,False,2024-05-29T23:28:53.182Z,https://cdn.bsky.app/img/avatar/plain/did:plc:6xvnelksn2cnupfvxiggxxbe/bafkreif4ez2ttnjbds37wbgoq4cnnqa5iuukvjhigktfsv3t52k66fc6la@jpeg,https://cdn.bsky.app/img/banner/plain/did:plc:6xvnelksn2cnupfvxiggxxbe/bafkreid7jrhywiqi2bbeyk4rc6wpfe6dwjlq3pucmvwa4wovjtyq5zsugy@jpeg,2025-09-29T04:46:57.219132+00:00,487,42.38193018480493,7.867768595041323,30.02,0,0,0,0,0,[],[],[],False,False,False,0,False,2025-09-29T04:46:57.219192+00:00,2025-09-28T15:22:24.954Z,1,0,3,ca,['ca'],0.3,"['housing crisis', 'affordable housing', 'affordable housing', 'ca']","['profile_locations', 'core_terms', 'housing_types']",2025-09-29T04:47:02.221501+00:00,111,True,True,True
at://did:plc:gsxz4ruo2pxqqvcb7ytk62cs/app.bsky.feed.post/3lzvs2gnoj22c,bafyreigppbuyfyxwjpqwz3apk6nalswpsgbazv7zpy6y4ovprnhv72hlfu,"You don't think so?
Lets start in FDR time. 
What happened to the CCC? 
Why aren't Dems pushing progressive policies during this housing crisis?
Why does subsidized housing take 8 to 16 years to get?
Its well known post Reagan Dems never further right.
Dem party was progressive now it fights them",2025-09-28T15:16:28.780Z,ccc333-05.bsky.social,did:plc:gsxz4ruo2pxqqvcb7ytk62cs,housing crisis,housing crisis,search,socmed_search_30min,2025-09-29T04:46:57.383238+00:00,en,,,115,7,3863,False,2025-08-19T15:22:24.097Z,https://cdn.bsky.app/img/avatar/plain/did:plc:gsxz4ruo2pxqqvcb7ytk62cs/bafkreigaatxkho2i2aq5secseogqsgbsyfwxikj7ezjljo3qlehlvtbrsy@jpeg,,2025-09-29T04:46:57.382976+00:00,40,96.575,16.428571428571427,20.79,0,0,0,0,0,[],[],[],False,False,False,0,False,2025-09-29T04:46:57.383225+00:00,2025-09-28T15:16:29.355Z,0,0,0,,[],0.0,['housing crisis'],['core_terms'],2025-09-29T04:47:02.221568+00:00,297,False,True,True
at://did:plc:qbqivilhftouuroejo5ajscu/app.bsky.feed.post/3lzvrfhaeac2l,bafyreieb3igx5mktrhkevm4rciyunisyf2bo2nkedfbzefbjgt2k47h7w4,"If Congress regulated the amount of housing corporations, private equity investors, corporate landlords own,  lowered the cost of single family housing and rentals, there would be no affordable housing crisis in America and more renters would be treated with respect.

www.kmbc.com/article/noto...",2025-09-28T15:04:44.749Z,thatssoatlanta.bsky.social,did:plc:qbqivilhftouuroejo5ajscu,housing crisis,housing crisis,search,socmed_search_30min,2025-09-29T04:46:57.540650+00:00,en,,,12,9,287,False,2024-11-27T09:55:29.945Z,,,2025-09-29T04:46:57.540441+00:00,305,0.940983606557377,1.3333333333333333,11.35,0,0,0,0,0,[],[],[],False,False,False,0,False,2025-09-29T04:46:57.540592+00:00,2025-09-28T15:04:46.857Z,0,1,2,america,"['america', 'ca', 'la', 'america']",0.8,"['housing crisis', 'affordable housing', 'affordable housing', 'america', 'ca', 'la', 'america']","['profile_locations', 'core_terms', 'geographic', 'housing_types']",2025-09-29T04:47:02.221630+00:00,297,True,True,True
at://did:plc:xledbxk3fbdjm24l4aznibx7/app.bsky.feed.post/3lzvp4npgwi2p,bafyreib33ylmh47es2d4tik52sbazkd2y3k6k3iq6ufrgg2k74yxue7sie,"At a public forum on affordable housing, OKC leaders detailed progress and challenges in addressing the city‚Äôs housing crisis. | Brett Fieldcamp reports: freepressokc.com/public-forum...",2025-09-28T14:24:00.619Z,freepressokc.bsky.social,did:plc:xledbxk3fbdjm24l4aznibx7,housing crisis,housing crisis,search,socmed_search_30min,2025-09-29T04:46:57.702667+00:00,en,Okla City Free Press,"Oklahoma City's independent, locally-owned online news company covers government, music, art, and life in OKC. Founder-Editor, brettdokc.bsky.social .",1484,32,2145,False,2024-08-30T04:21:10.536Z,https://cdn.bsky.app/img/avatar/plain/did:plc:xledbxk3fbdjm24l4aznibx7/bafkreiaawpt2erccfscmn2zwn3vvhahxfjtcg5qpqfvjngle3t4vjqq574@jpeg,https://cdn.bsky.app/img/banner/plain/did:plc:xledbxk3fbdjm24l4aznibx7/bafkreicrlrl73yubofg6wjwmvcox6236wlaqfuxe2gbzwkxa4ajgp2ywl4@jpeg,2025-09-29T04:46:57.702532+00:00,395,5.430379746835443,46.375,35.18,0,0,0,0,0,[],[],[],False,False,False,0,False,2025-09-29T04:46:57.702659+00:00,2025-09-28T14:24:02.251Z,0,1,1,ca,"['ca', 'profile:ca', 'profile:la', 'profile:ny']",1.0,"['housing crisis', 'affordable housing', 'affordable housing', 'ca']","['profile_locations', 'core_terms', 'housing_types']",2025-09-29T04:47:02.221696+00:00,186,True,True,True
at://did:plc:r4jgd4iscj643ov2gtakwhzr/app.bsky.feed.post/3lzvorrlvvc2u,bafyreiftkowugz4cmltxao72oj7mynxvskbdmpqnqnwwio7t3xdbipm7dq,"üì¢ At #LabourConference Douglas Alexander underlined Labour‚Äôs commitment to Scotland‚Äôs public services.

‚úä A Labour Scotland means:
ü©∫ Fixing our NHS
üè† Tackling the housing crisis
üíº Standing up for workers‚Äô rights

UNISON activists know: Scotland can‚Äôt afford more SNP failure.",2025-09-28T14:17:57.032Z,unisonlabourlinksc.bsky.social,did:plc:r4jgd4iscj643ov2gtakwhzr,housing crisis,housing crisis,search,socmed_search_30min,2025-09-29T04:46:57.861597+00:00,en,UNISON Scotland Labour Link,,12,8,18,False,2025-07-04T08:59:18.531Z,https://cdn.bsky.app/img/avatar/plain/did:plc:r4jgd4iscj643ov2gtakwhzr/bafkreiehbqnng7by2chwyaw37set4psb6shtesml7bxyzckh2sy6qbx5h4@jpeg,https://cdn.bsky.app/img/banner/plain/did:plc:r4jgd4iscj643ov2gtakwhzr/bafkreicoo3e4zjfk6lkymvxek5c7qkk5ldhztl3dwnfvdckix2vyitdjv4@jpeg,2025-09-29T04:46:57.861507+00:00,86,0.20930232558139536,1.5,14.47,0,0,0,0,0,[],[],[],False,False,False,0,False,2025-09-29T04:46:57.861589+00:00,2025-09-28T14:18:03.953Z,1,0,0,ca,"['ca', 'la']",0.6,"['housing crisis', 'ca', 'la']","['core_terms', 'profile_locations']",2025-09-29T04:47:02.221762+00:00,275,True,True,True
at://did:plc:oeeoj6dzj4xe66uwadbkqwr2/app.bsky.feed.post/3lzvnymnyxk2c,bafyreihg56fb3lhrr2n7axprpajmzworfifburwhpyh2ccsnygltec32yy,"1) no, but it's your fault you made an irrelevant retort

2) no, you got unlucky but it's not your right to dictate what other people do with their land. Later generations affected by the housing crisis are far far unluckier than you. First world problem and then some.",2025-09-28T14:03:53.007Z,yorkiesteak.bsky.social,did:plc:oeeoj6dzj4xe66uwadbkqwr2,housing crisis,housing crisis,search,socmed_search_30min,2025-09-29T04:46:58.022413+00:00,en,RichyRich,"Education. Science. Development. HS2. UK, Leeds. Horrified at the fall of American democracy and fearful for the free world.",1174,1831,1070,False,2024-08-13T15:00:18.675Z,https://cdn.bsky.app/img/avatar/plain/did:plc:oeeoj6dzj4xe66uwadbkqwr2/bafkreieeo2qtndsn3do2ddw2e5c45aio7phq2av22hsidrhymhcbwdmzx4@jpeg,,2025-09-29T04:46:58.022221+00:00,411,2.6034063260340634,0.6411796832332058,36.19,0,0,0,0,0,[],[],[],False,False,False,0,False,2025-09-29T04:46:58.022403+00:00,2025-09-28T14:03:54.155Z,2,0,0,america,"['la', 'profile:america', 'profile:uk', 'profile:ca', 'profile:america']",1.0,"['housing crisis', 'la']","['core_terms', 'profile_locations']",2025-09-29T04:47:02.221832+00:00,269,True,True,True
at://did:plc:r4jgd4iscj643ov2gtakwhzr/app.bsky.feed.post/3lzvnycjgak2u,bafyreidmwoxmfdylpa5mc4mgmfdyncfq4isvpxrruh223m3kffj5q6v4ia,"ü©∫ Scotland under the SNP
‚Ä¢ Contrast couldn‚Äôt be clearer:
‚ùå SNP: record NHS waits, falling schools, housing crisis, police cuts
‚úÖ Labour: fixing the NHS, building homes, returning community policing, supporting jobs",2025-09-28T14:03:34.880Z,unisonlabourlinksc.bsky.social,did:plc:r4jgd4iscj643ov2gtakwhzr,housing crisis,housing crisis,search,socmed_search_30min,2025-09-29T04:46:58.022467+00:00,en,UNISON Scotland Labour Link,,12,8,18,False,2025-07-04T08:59:18.531Z,https://cdn.bsky.app/img/avatar/plain/did:plc:r4jgd4iscj643ov2gtakwhzr/bafkreiehbqnng7by2chwyaw37set4psb6shtesml7bxyzckh2sy6qbx5h4@jpeg,https://cdn.bsky.app/img/banner/plain/did:plc:r4jgd4iscj643ov2gtakwhzr/bafkreicoo3e4zjfk6lkymvxek5c7qkk5ldhztl3dwnfvdckix2vyitdjv4@jpeg,2025-09-29T04:46:57.861507+00:00,86,0.20930232558139536,1.5,14.47,0,0,0,0,0,[],[],[],False,False,False,0,False,2025-09-29T04:46:58.022462+00:00,2025-09-28T14:03:43.584Z,2,0,0,la,['la'],0.3,"['housing crisis', 'la']","['core_terms', 'profile_locations']",2025-09-29T04:47:02.221891+00:00,214,True,True,True
at://did:plc:f233gewrunwymvpw6ymdxwrv/app.bsky.feed.post/3lzvnqx7iac2w,bafyreiglizq2upvqcsabyzn2uthtv5cl32t4scrsut2imqokdc6krxjfm4,"New state-planned towns as a housing crisis tactic, in the UK. H/t @jollyjourno.bsky.social",2025-09-28T13:59:35.624Z,stateofthecity.bsky.social,did:plc:f233gewrunwymvpw6ymdxwrv,housing crisis,housing crisis,search,socmed_search_30min,2025-09-29T04:46:58.907619+00:00,en,Brian F. Kelcey,"Was @stateofthecity on Twitter. Veteran of a B-Grade, Film Noir genre of politics known as ""local government."" Current gig: second tour of duty in the Winnipeg Mayor's Office. Hometowns: Victoria, Winnipeg, Toronto. Working on 'Debt City' (see debt.city)",2782,1212,40447,False,2024-11-07T02:59:27.282Z,https://cdn.bsky.app/img/avatar/plain/did:plc:f233gewrunwymvpw6ymdxwrv/bafkreif2gr2uvqaomz6srh6h4hgtuxhn7sy65vhwiacg3nxnsn5jhd2qhe@jpeg,https://cdn.bsky.app/img/banner/plain/did:plc:f233gewrunwymvpw6ymdxwrv/bafkreictq7qb5b5ybwjmvbkfqeirbrasnhcropz4yus6n2unzeqi3jrxja@jpeg,2025-09-29T04:46:58.907547+00:00,326,124.07055214723927,2.2953795379537953,34.79,0,0,0,0,0,[],[],[],False,False,False,0,False,2025-09-29T04:46:58.907614+00:00,2025-09-28T13:59:33.749Z,0,1,1,ca,"['uk', 'la', 'profile:ca']",1.0,"['housing crisis', 'uk', 'la']","['core_terms', 'geographic', 'profile_locations']",2025-09-29T04:47:02.221943+00:00,91,True,True,True
at://did:plc:htzpflmm4qous45q7i4oj7pe/app.bsky.feed.post/3lzvn4n3buc2z,bafyreighjv3rzuzrpzg233gq75wqdexwlzkx4uleem7gx2fsqei4srrvam,"Until NH gets serious solving its housing crisis and prioritizes its citizens it has no business making life nice for data center developers. 

But of course there‚Äôs no money in that for legislators and they won‚Äôt get wined and dined. 

Sorry, this one makes me nuts.",2025-09-28T13:48:13.917Z,anysusan.bsky.social,did:plc:htzpflmm4qous45q7i4oj7pe,housing crisis,housing crisis,search,socmed_search_30min,2025-09-29T04:46:59.069562+00:00,en,Some Random Susan,"Not the droid you are looking for

she/her",800,1331,4482,False,2024-08-30T13:58:43.432Z,https://cdn.bsky.app/img/avatar/plain/did:plc:htzpflmm4qous45q7i4oj7pe/bafkreieizcrykrqb7slbavqfbkp77koebo5bm47bye4hxqnr4pxhxjxumq@jpeg,https://cdn.bsky.app/img/banner/plain/did:plc:htzpflmm4qous45q7i4oj7pe/bafkreiab73ldl5mjgr6azvmzyhrphlvpbw6hcurrsx6dqjbcmznmcvkuca@jpeg,2025-09-29T04:46:59.069481+00:00,394,11.375634517766498,0.6010518407212622,29.93,0,0,0,0,0,[],[],[],False,False,False,0,False,2025-09-29T04:46:59.069555+00:00,2025-09-28T13:48:14.458Z,1,0,1,la,['la'],0.3,"['housing crisis', 'la']","['core_terms', 'profile_locations']",2025-09-29T04:47:02.222015+00:00,267,True,True,True
at://did:plc:aokun7ktw65zn7esn3o4tikm/app.bsky.feed.post/3lzvmxvc64s2z,bafyreifcvg6l5d2bjzpypowz665l7jttelfqomml2k5dslmcbkpqlbunme,The thing is there‚Äôs plenty of stories to write about like the housing crisis but the establishment media is fundamentally uninterested in those things.,2025-09-28T13:45:34.759Z,ernekid.bsky.social,did:plc:aokun7ktw65zn7esn3o4tikm,housing crisis,housing crisis,search,socmed_search_30min,2025-09-29T04:46:59.244587+00:00,en,Conor Conneally,"Irishman in Maryland. 

https://boxd.it/5ozfJ",2634,876,29245,False,2023-08-25T02:33:18.043Z,https://cdn.bsky.app/img/avatar/plain/did:plc:aokun7ktw65zn7esn3o4tikm/bafkreifebv54yx63sabrwgyvzkaozbapyzqpumbsmbwi6pvaga377w5ll4@jpeg,https://cdn.bsky.app/img/banner/plain/did:plc:aokun7ktw65zn7esn3o4tikm/bafkreiewfa22lwsu5owd6yjyruwibnoabro6fbp3vyi7drvulwdpydtcpi@jpeg,2025-09-29T04:46:59.244483+00:00,766,38.17885117493473,3.006849315068493,34.66,0,0,0,0,0,[],[],[],False,False,False,0,False,2025-09-29T04:46:59.244580+00:00,2025-09-28T13:45:35.151Z,1,0,2,la,['profile:la'],0.5,['housing crisis'],['core_terms'],2025-09-29T04:47:02.222072+00:00,152,True,True,True
at://did:plc:ltduqwuef6thqkzj3cnay42p/app.bsky.feed.post/3lzvmigq6ic2e,bafyreie33o6uifbb35o54bpn4eklqg7ywvadqx6jjdaebb2vedqipfrn3u,"www.thestar.com/business/opi... Carney‚Äôs $13-billion homes program a strong start, but more needed to fix GTA housing crisis",2025-09-28T13:36:56.174Z,darj9.bsky.social,did:plc:ltduqwuef6thqkzj3cnay42p,housing crisis,housing crisis,search,socmed_search_30min,2025-09-29T04:46:59.425014+00:00,en,Darlene Jacques,"Avid news reader. Love gift articles because I am not financially able to afford to read what I find interesting. Canadian, Ontario resident that lives in a riding that currently has a Green MP and a MPP. Born in the same year as the Canadian Centennial",635,252,4306,False,2024-05-29T22:34:03.996Z,https://cdn.bsky.app/img/avatar/plain/did:plc:ltduqwuef6thqkzj3cnay42p/bafkreicmzmtb6hg2yesoio7xxwlnvtws5vqb36txk7sxzf4l7ihknwwsfe@jpeg,,2025-09-29T04:46:59.424801+00:00,487,8.841889117043122,2.5198412698412698,28.77,0,0,0,0,0,[],[],[],False,False,False,0,False,2025-09-29T04:46:59.425001+00:00,2025-09-28T13:36:58.158Z,0,0,0,ca,"['ca', 'profile:ca']",0.8,"['housing crisis', 'ca']","['core_terms', 'profile_locations']",2025-09-29T04:47:02.222134+00:00,124,True,True,True
at://did:plc:d3lsn7ha2cqmuhmlj7d6dxai/app.bsky.feed.post/3lzvl2z4scc2h,bafyreicu5j7ohrdpx6oe7ubm5skrket7tsh7stgoidjvalrvf7ncdbp6ny,You know I don't really fucking care about the so called housing crisis when a realtor brags about selling a home at 100K over asking.,2025-09-28T13:11:31.955Z,canuk22.bsky.social,did:plc:d3lsn7ha2cqmuhmlj7d6dxai,housing crisis,housing crisis,search,socmed_search_30min,2025-09-29T04:46:59.586945+00:00,en,Canuk22_Elbows_up!,"Atheist. A social Democrat from Eastern Ontario that will block all RWNJ, MAGA, Fascist.  Stephen Harper made me a Liberal and Pierre Poilievre has cemented it.  Climate change is real.  I Stand With Carney. #Carney2025 üá®üá¶",6063,6026,4256,False,2024-11-06T12:11:15.481Z,https://cdn.bsky.app/img/avatar/plain/did:plc:d3lsn7ha2cqmuhmlj7d6dxai/bafkreidgge25hrvzjxfd7g7kenhdk73xika6walhq7rjt26z5hxqi6ixuy@jpeg,,2025-09-29T04:46:59.586879+00:00,326,13.05521472392638,1.0061400597411219,44.95,0,0,0,0,0,[],[],[],False,False,False,0,False,2025-09-29T04:46:59.586938+00:00,2025-09-28T13:11:34.955Z,0,2,7,ca,"['ca', 'profile:ca']",0.8,"['housing crisis', 'ca']","['core_terms', 'profile_locations']",2025-09-29T04:47:02.222195+00:00,134,True,True,True
at://did:plc:2aige5osuewwyssikxw2c6d5/app.bsky.feed.post/3lzvjr742kk2n,bafyreiadl6h6cwj5n5uyfnehwgfhnps62vkssl26qi36y2crjmhcvo576i,"Larry Fink: The guy who owns Blackrock and by proxy Vanguard and Red Robin stocks and by proxy JPMorgan Chase, Mastercard, Visa, Capital One, the Federal Reserve, all mortgages, caused the housing crisis in 08, was the main opposition during Occupy Wallstreet and screwed over all our industries.",2025-09-28T12:48:08.939Z,haltheloppie.bsky.social,did:plc:2aige5osuewwyssikxw2c6d5,housing crisis,housing crisis,search,socmed_search_30min,2025-09-29T04:46:59.756761+00:00,en,Ha'L,"Derging around. 3d artist and fluff ball. Perpetually tired. Occasionally posts porn. (She/Her) / üè≥Ô∏è‚Äç‚ößÔ∏èTransüè≥Ô∏è‚Äç‚ößÔ∏è
Minors who interact shall be blocked.
Property of my goddess and especially her world eclipsing toes @techyunci.bsky.social",120,665,5465,False,2023-10-16T10:24:58.183Z,https://cdn.bsky.app/img/avatar/plain/did:plc:2aige5osuewwyssikxw2c6d5/bafkreigauvx3yw2dab7vpgcpskgsjlcexq6uqiiv2i3c6prgx4ewqgzhdq@jpeg,https://cdn.bsky.app/img/banner/plain/did:plc:2aige5osuewwyssikxw2c6d5/bafkreigcl3uoqj424xij37sugekv3xe7wufx6qayv6b27m3spuzfxthpxq@jpeg,2025-09-29T04:46:59.756675+00:00,713,7.664796633941094,0.18045112781954886,20.94,0,0,0,0,0,[],[],[],False,False,False,0,False,2025-09-29T04:46:59.756754+00:00,2025-09-28T12:48:10.855Z,1,0,4,ca,"['ca', 'la', 'profile:ca']",1.0,"['housing crisis', 'ca', 'la']","['core_terms', 'profile_locations']",2025-09-29T04:47:02.222278+00:00,296,True,True,True
at://did:plc:5stnb5lhkk6lfvnbqievu4mf/app.bsky.feed.post/3lzvhwunog22d,bafyreih4bn6qsib2olujldy2mqo5w7qrva4wmki42fmklrioeki4uhd4au,Nothing like making a housing crisis worse.,2025-09-28T12:15:31.824Z,wildamerican533.bsky.social,did:plc:5stnb5lhkk6lfvnbqievu4mf,housing crisis,housing crisis,search,socmed_search_30min,2025-09-29T04:46:59.914713+00:00,en,Cate,"üè≥Ô∏è‚Äçüåàüè≥Ô∏è‚Äç‚ößÔ∏è‚ù§Ô∏èüê∂ü™ê Frustrated liberal. Dog lover.  Into technology, astronomy, museums, music and movies. Queer pride",461,742,389,False,2024-11-20T17:19:07.975Z,https://cdn.bsky.app/img/avatar/plain/did:plc:5stnb5lhkk6lfvnbqievu4mf/bafkreia2ehj2hiykmblqyktp6w7vgipvzep7kclo7ozpztcrzgjxbd3dnm@jpeg,,2025-09-29T04:46:59.914592+00:00,312,1.2467948717948718,0.6212938005390836,32.57,0,0,0,0,0,[],[],[],False,False,False,0,False,2025-09-29T04:46:59.914702+00:00,2025-09-28T12:15:32.350Z,0,0,0,,[],0.0,['housing crisis'],['core_terms'],2025-09-29T04:47:02.222316+00:00,43,False,True,True
at://did:plc:2n6omghniwbvqz4q5tqtwdd4/app.bsky.feed.post/3lzvh6hcp3v22,bafyreiht4hla5ebfa5rrzl7c5eehzgetrrdppee3dvyclawdaosq5inof4,"Today, the government has published the final report from the New Towns Taskforce, which includes a strong commitment to affordable housing, a key step to solving the housing crisis.

CIH chief exec Gavin Smart was on BBC Breakfast this morning discussing it üé¨‚û°Ô∏èhttps://buff.ly/7A592lS",2025-09-28T12:01:52.349Z,cihhousing.bsky.social,did:plc:2n6omghniwbvqz4q5tqtwdd4,housing crisis,housing crisis,search,socmed_search_30min,2025-09-29T04:47:00.075825+00:00,en,Chartered Institute of Housing ,"The Chartered Institute of Housing (CIH) is the professional body for people who work in housing, with members worldwide.",828,582,515,False,2024-11-25T18:19:34.147Z,https://cdn.bsky.app/img/avatar/plain/did:plc:2n6omghniwbvqz4q5tqtwdd4/bafkreigvtmtzzn2n4mksf4k6yst47lgzfwvkpycqacjm6xmskzstpoqtpu@jpeg,https://cdn.bsky.app/img/banner/plain/did:plc:2n6omghniwbvqz4q5tqtwdd4/bafkreigmwtop5mc3abpojojmkavlarfzgmoxlwafxngxksfc3dorx2bn4u@jpeg,2025-09-29T04:47:00.075716+00:00,307,1.6775244299674268,1.422680412371134,37.22,0,0,0,0,0,[],[],[],False,False,False,0,False,2025-09-29T04:47:00.075808+00:00,2025-09-28T12:01:53.349Z,0,2,2,,[],0.0,"['housing crisis', 'affordable housing', 'affordable housing']","['core_terms', 'housing_types']",2025-09-29T04:47:02.222394+00:00,285,False,True,True
at://did:plc:tuaojqo7eu4n4y5onnfrdkwz/app.bsky.feed.post/3lzvh3lewfg27,bafyreihrdgerinl6dwnl5sxwpzy7xu2fw73wk34hhufunx6n5r42mxldva,"Asheville‚Äôs own Rebecca Wells Phillips is using stories to inspire change. Her book Hurricane Helene: Resiliency After the Storm honors victims & highlights America‚Äôs housing crisis. 
#AshevilleAuthor #Resiliency #HurricaneHelene
incredibletowns.com/directory/re...",2025-09-28T12:00:15.291Z,incredibletownswnc.bsky.social,did:plc:tuaojqo7eu4n4y5onnfrdkwz,housing crisis,housing crisis,search,socmed_search_30min,2025-09-29T04:47:00.355207+00:00,en,,,82,9,2601,False,2025-01-03T11:00:33.148Z,https://cdn.bsky.app/img/avatar/plain/did:plc:tuaojqo7eu4n4y5onnfrdkwz/bafkreiaisejmji2jducomepcy2vzyq2h2c6msdp6hfqdfsxzt5aw4ayzlq@jpeg,,2025-09-29T04:47:00.355082+00:00,268,9.705223880597014,9.11111111111111,19.35,0,0,0,0,0,[],[],[],False,False,False,0,False,2025-09-29T04:47:00.355178+00:00,2025-09-28T12:00:16.254Z,0,0,0,america,"['america', 'ca', 'america']",0.8,"['housing crisis', 'america', 'ca', 'america']","['core_terms', 'geographic', 'profile_locations']",2025-09-29T04:47:02.222455+00:00,265,True,True,True
at://did:plc:wgwmn6ynhoyuskun4q6cjcc5/app.bsky.feed.post/3lzvfwn2qn22v,bafyreifflubd3htczmudiarxyc7umyp7po22z2vmuyusk7vgfpvt6tt5la,"Bob hawke stopped their robbery 
And john howard gave it back

If you have more than your fair share you get get a tax rebate for buying someone elses home and renting it back to them

Now we have a Housing Crisis
And a thousnds of homeless
worse
being housed in derelict housing that makes them sick",2025-09-28T11:39:36.379Z,29rory.bsky.social,did:plc:wgwmn6ynhoyuskun4q6cjcc5,housing crisis,housing crisis,search,socmed_search_30min,2025-09-29T04:47:00.630304+00:00,en,K.R. O'Connell üá¶üá∫,"A Human on Planet Earth
Looking for my fair share
üá¶üá∫
No DM's or Chats
or you will be Blocked",568,645,763,False,2025-07-09T02:50:49.332Z,https://cdn.bsky.app/img/avatar/plain/did:plc:wgwmn6ynhoyuskun4q6cjcc5/bafkreiczrz432zg6of4trq5bd7k7kjnqufog2hx5ctwtb7vunfhm5rlhhy@jpeg,https://cdn.bsky.app/img/banner/plain/did:plc:wgwmn6ynhoyuskun4q6cjcc5/bafkreiaev4tkrchef3q7wd436psjlje32mmrbztyd67rlmxzkhw3t3lm5m@jpeg,2025-09-29T04:47:00.630201+00:00,82,9.304878048780488,0.8806201550387597,31.27,0,0,0,0,0,[],[],[],False,False,False,0,False,2025-09-29T04:47:00.630294+00:00,2025-09-28T11:39:39.249Z,0,0,0,la,['profile:la'],0.5,"['homeless', 'housing crisis']",['core_terms'],2025-09-29T04:47:02.222532+00:00,300,True,True,True
at://did:plc:7ujtbz74xb5rhxfeuxxrgiwl/app.bsky.feed.post/3lzvdeuafok2q,bafyreidc7tcf6aa73cth7lcs37sk3llmougg7tejancrtrw25ujrzq3334,"The New Towns Taskforce recommendations show a strong commitment to affordable housing, a key step to solving the housing crisis.

Our members are ready to work with local partners and the government in building new towns ‚Äì creating sustainable homes and thriving mixed communities.",2025-09-28T10:53:52.431Z,natfednews.bsky.social,did:plc:7ujtbz74xb5rhxfeuxxrgiwl,housing crisis,housing crisis,search,socmed_search_30min,2025-09-29T04:47:00.799187+00:00,en,National Housing Federation,"We are the voice of affordable housing in England, representing the work of housing associations and campaigning for everyone to have the home they need ‚Äì at the price they can afford.",114,113,61,False,2025-05-07T08:32:07.339Z,https://cdn.bsky.app/img/avatar/plain/did:plc:7ujtbz74xb5rhxfeuxxrgiwl/bafkreia6dgbo3daoimqj3auhacjb4kihe2emg6q2x2uo4fogauiekqmbbe@jpeg,https://cdn.bsky.app/img/banner/plain/did:plc:7ujtbz74xb5rhxfeuxxrgiwl/bafkreib626mfb2whqjrrspxu6txgxop5gckeurjh6nfpbhmw64hjd6ez3m@jpeg,2025-09-29T04:47:00.799089+00:00,144,0.4236111111111111,1.008849557522124,29.95,0,0,0,0,0,[],[],[],False,False,False,0,False,2025-09-29T04:47:00.799179+00:00,2025-09-28T10:54:02.350Z,0,0,1,ca,"['ca', 'profile:ca', 'profile:la']",1.0,"['housing crisis', 'affordable housing', 'affordable housing', 'ca']","['profile_locations', 'core_terms', 'housing_types']",2025-09-29T04:47:02.222618+00:00,282,True,True,True
at://did:plc:34r2ipt6f7idg5w7hnsf7afa/app.bsky.feed.post/3lzvcmig6jk2p,bafyreiaiih4m3fcruwgw3nvosnaofnosubvt5cf4ufl2efkhqaykjifunm,"I doubt it tbh - tho some planning stuff has broken through a bit (tho very much in a 'carpet over the countryside' way, not a tackle the housing crisis way as we want)",2025-09-28T10:40:14.743Z,jamesdaustin.bsky.social,did:plc:34r2ipt6f7idg5w7hnsf7afa,housing crisis,housing crisis,search,socmed_search_30min,2025-09-29T04:47:01.738886+00:00,en,James Austin,This again. Outdoors. Politics. Sport. Not always in that order. Labour. Trade Unionist. Trying to do community things. Views entirely my own,8036,1816,904,False,2023-08-25T10:19:46.200Z,https://cdn.bsky.app/img/avatar/plain/did:plc:34r2ipt6f7idg5w7hnsf7afa/bafkreigcmzw5nsxmrc2sv33nglyklgpzpljc7nlykiuzt47hqq4uadb4s4@jpeg,https://cdn.bsky.app/img/banner/plain/did:plc:34r2ipt6f7idg5w7hnsf7afa/bafkreickicfo5vehkogqlpd35ph5ullu5mbsmwvk6ukqixzgvz5ch6kdfa@jpeg,2025-09-29T04:47:01.738808+00:00,765,1.1816993464052288,4.42511013215859,83.5,0,0,0,0,0,[],[],[],False,False,False,0,False,2025-09-29T04:47:01.738879+00:00,2025-09-28T10:40:15.652Z,0,0,0,la,"['ca', 'la', 'profile:la']",1.0,"['housing crisis', 'ca', 'la']","['core_terms', 'profile_locations']",2025-09-29T04:47:02.222674+00:00,168,True,True,True
at://did:plc:vaveacmtwhx7qe4mokfs7jvq/app.bsky.feed.post/3lzvbvgsqxc2m,bafyreibg5xv2au2g3m6l5v74s5zcjsgam4azomvnt4jcf2abw5c2umzwwy,"Honestly, even if we started with:

- Brownfield
- Using empty houses

It would start to put a dent in the housing crisis. Trying to solve it all in one go is a mug's game.",2025-09-28T10:27:20.973Z,cobieef.bsky.social,did:plc:vaveacmtwhx7qe4mokfs7jvq,housing crisis,housing crisis,search,socmed_search_30min,2025-09-29T04:47:01.902933+00:00,en,Cobie Yo,"Just being me, as that's the only way to be.

Left because I believe in kindness and decency. Will never, ever support Labour again after the horror they've unleashed. They're an evil, far-right party.",720,474,6818,False,2025-01-20T18:41:25.344Z,https://cdn.bsky.app/img/avatar/plain/did:plc:vaveacmtwhx7qe4mokfs7jvq/bafkreife5fig4gczl7jtgdngxzfe6rx7ibrj4h5t7bihws5c364pqvgf5u@jpeg,,2025-09-29T04:47:01.902852+00:00,251,27.163346613545816,1.518987341772152,29.11,0,0,0,0,0,[],[],[],False,False,False,0,False,2025-09-29T04:47:01.902925+00:00,2025-09-28T10:27:22.380Z,0,0,1,ca,"['profile:ca', 'profile:la']",1.0,['housing crisis'],['core_terms'],2025-09-29T04:47:02.222732+00:00,172,True,True,True
at://did:plc:tbi63v3dj3hjiq457imbgels/app.bsky.feed.post/3lzvbkfcvut22,bafyreic3hwm2i7hgj6tpqfrskpwlqs4ywdk6cz2trbfw24ltdcidtuqihi,"To tackle NYC‚Äôs housing crisis, we lower the cost of litigation

https://www.europesays.com/us/260985/

Ask New Yorkers what keeps them up at night, and many will say the same thing ‚Äî the‚Ä¶#ny #nyc #newyork #nynews #nycnews #newyorknews #us #news #usnews",2025-09-28T10:21:08+00:00,ny-news.bsky.social,did:plc:tbi63v3dj3hjiq457imbgels,housing crisis,housing crisis,search,socmed_search_30min,2025-09-29T04:47:02.058749+00:00,en-US,,,53,2,8301,False,2025-06-26T18:54:58.436Z,https://cdn.bsky.app/img/avatar/plain/did:plc:tbi63v3dj3hjiq457imbgels/bafkreidpagxyqg7ozstptuvu575lrc6fmsgcfjqnni5ro5ovutxbscrkoq@jpeg,,2025-09-29T04:47:02.058646+00:00,94,88.30851063829788,26.5,17.36,0,0,0,0,0,[],[],[],False,False,False,0,False,2025-09-29T04:47:02.058741+00:00,2025-09-28T10:21:11.352Z,0,0,0,new york,"['new york', 'new york', 'ny']",0.8,"['housing crisis', 'new york', 'new york', 'ny']","['core_terms', 'geographic', 'profile_locations']",2025-09-29T04:47:02.222790+00:00,253,True,True,True
at://did:plc:wrsf35zye5xmlfaje5zyyega/app.bsky.feed.post/3lzvbismcap2m,bafyreiemxz3ofm4dyvqkpkxr7tuve4jl6ymtbbxbwn6taeebwjtsqw7vqe,"To tackle NYC‚Äôs housing crisis, we lower the cost of litigation

https://www.europesays.com/us/260985/

Ask New Yorkers what keeps them up at night, and many will say the same thing ‚Äî the‚Ä¶#us #news #usnews",2025-09-28T10:20:15+00:00,us-news.bsky.social,did:plc:wrsf35zye5xmlfaje5zyyega,housing crisis,housing crisis,search,socmed_search_30min,2025-09-29T04:47:02.219503+00:00,en-US,,,135,5,42737,False,2025-06-26T01:14:42.032Z,https://cdn.bsky.app/img/avatar/plain/did:plc:wrsf35zye5xmlfaje5zyyega/bafkreidpagxyqg7ozstptuvu575lrc6fmsgcfjqnni5ro5ovutxbscrkoq@jpeg,,2025-09-29T04:47:02.219427+00:00,95,449.86315789473684,27.0,21.35,0,0,0,0,0,[],[],[],False,False,False,0,False,2025-09-29T04:47:02.219497+00:00,2025-09-28T10:20:18.151Z,0,0,0,new york,"['new york', 'new york', 'ny']",0.8,"['housing crisis', 'new york', 'new york', 'ny']","['core_terms', 'geographic', 'profile_locations']",2025-09-29T04:47:02.222841+00:00,205,True,True,True
at://did:plc:vaveacmtwhx7qe4mokfs7jvq/app.bsky.feed.post/3lzvat2iqas2m,bafyreiagnhhydg25xelasjst6zfvzhmehbftcqgmdswvngqrep7id5ow7y,"I constantly hear that no single thing will fix the housing crisis, and that's why we should do none of those things. Maybe we should start by doing some of them, even if they won't fix the entire crisis, because they might ease the crisis and make it easier to take further steps?",2025-09-28T10:08:07.543Z,cobieef.bsky.social,did:plc:vaveacmtwhx7qe4mokfs7jvq,housing crisis,housing crisis,search,socmed_search_30min,2025-09-29T04:47:02.219544+00:00,en,Cobie Yo,"Just being me, as that's the only way to be.

Left because I believe in kindness and decency. Will never, ever support Labour again after the horror they've unleashed. They're an evil, far-right party.",720,474,6818,False,2025-01-20T18:41:25.344Z,https://cdn.bsky.app/img/avatar/plain/did:plc:vaveacmtwhx7qe4mokfs7jvq/bafkreife5fig4gczl7jtgdngxzfe6rx7ibrj4h5t7bihws5c364pqvgf5u@jpeg,,2025-09-29T04:47:01.902852+00:00,251,27.163346613545816,1.518987341772152,29.11,0,0,0,0,0,[],[],[],False,False,False,0,False,2025-09-29T04:47:02.219540+00:00,2025-09-28T10:08:09.951Z,1,0,4,ca,"['ca', 'profile:ca', 'profile:la']",1.0,"['housing crisis', 'ca']","['core_terms', 'profile_locations']",2025-09-29T04:47:02.222920+00:00,281,True,True,True
